Company,Symbol,Sector,SecurityId,1Y Return %,6M Return %,1M Return %,1W Return %,1D Return %,PDH,PDL,PDC,Trend
360 ONE WAM Ltd.,360ONE,Financial Services,13061,15.411059817306747,9.332837070810454,3.496873073196516,-1.2439065389140995,-2.083333333333333,1208.0,1193.9,1200.0,MIXED
3M India Ltd.,3MINDIA,Diversified,474,8.322496749024708,-6.601261387526279,-3.741152679474216,-1.667404456249078,-3.181752142960918,34840.0,34130.0,34415.0,MIXED
ABB India Ltd.,ABB,Capital Goods,13,52.80056011202241,27.670065184689957,4.8596334683231515,1.7923773987206824,1.724597150086563,7529.0,7440.0,7509.0,BULLISH
ACC Ltd.,ACC,Construction Materials,22,-29.154179154179154,-17.814833891321147,-5.959923382937976,-1.8756245676070482,-2.2887323943662037,1314.0,1303.0,1306.4,BEARISH
ACME Solar Holdings Ltd.,ACMESOLAR,Power,27061,41.2333099086437,73.0454623729981,10.852178709321556,-1.7597458144934595,2.095504191008382,398.0,388.05,393.7,MIXED
AIA Engineering Ltd.,AIAENG,Capital Goods,13086,39.302424500212666,13.870389686806279,-7.264212589849706,-0.439632392488838,0.5502810448254731,4260.7,4192.2,4234.2,MIXED
APL Apollo Tubes Ltd.,APLAPOLLO,Capital Goods,25780,38.55549323861158,0.049498267560631276,22.19840615553724,3.655011655011659,-1.8626412429378452,2278.4,2182.5,2265.6,BULLISH
AU Small Finance Bank Ltd.,AUBANK,Financial Services,21238,51.27080286888101,14.186596583442842,3.7143129953213108,-2.4955116696588826,0.8448612013740727,1094.3,1073.3,1077.1,MIXED
AWL Agri Business Ltd.,AWL,Fast Moving Consumer Goods,8110,-23.439363817097412,6.800155305341406,1.6416807432432505,-0.6859913348462885,-1.8953482447648642,199.74,195.3,196.27,MIXED
Aadhar Housing Finance Ltd.,AADHARHFC,Financial Services,23729,-6.929118202604625,3.4246575342465753,-5.758002818602772,0.35373566298639386,-0.6368074718743366,472.45,463.2,471.1,MIXED
Aarti Industries Ltd.,AARTIIND,Chemicals,7,39.431002392980574,21.122531470146665,7.217337967695759,-3.452085059375863,-2.9517905061534275,543.0,528.0,540.35,MIXED
Aavas Financiers Ltd.,AAVAS,Financial Services,5385,-17.037231943165374,1.701475687444572,-7.2510663332843,-5.619995509990265,-1.1211289690317487,1333.8,1264.1,1275.5,MIXED
Abbott India Ltd.,ABBOTINDIA,Healthcare,17903,-17.884371029224905,-3.562768140272337,-7.014388489208632,-2.157456472369417,-1.241642788920726,26745.0,26120.0,26175.0,BEARISH
Action Construction Equipment Ltd.,ACE,Capital Goods,13587,5.410536307546274,28.08535178777393,3.75595627394189,-4.857779300891025,-2.638961949850948,1154.1,1132.0,1140.6,MIXED
Acutaas Chemicals Ltd.,ACUTAAS,Healthcare,5578,124.79374110953059,44.194534422190785,1.7939386131598383,-0.3907973526630977,-3.687225743539737,3384.0,3235.0,3281.6,MIXED
Adani Energy Solutions Ltd.,ADANIENSOL,Power,10217,85.48714257671925,45.77805204155098,-13.856812933025402,-8.854736029837298,-10.370557733653724,1611.9,1566.9,1581.4,MIXED
Adani Enterprises Ltd.,ADANIENT,Metals & Mining,25,31.379784120098698,34.57121340487621,-4.997507891676362,-4.652171013139466,-9.764872968281523,3173.7,3133.3,3168.5,MIXED
Adani Green Energy Ltd.,ADANIGREEN,Power,3563,32.99397920087576,34.45852470809586,-12.154736080983362,-7.117737003058097,-7.330282227307391,1321.0,1303.2,1311.0,MIXED
Adani Ports and Special Economic Zone Ltd.,ADANIPORTS,Services,15083,21.35131017672151,8.352036999251851,-6.094901267315065,-4.724597811135698,-6.699853587115672,1723.9,1699.2,1707.5,MIXED
Adani Power Ltd.,ADANIPOWER,Power,17388,64.82144343627738,43.50945857795173,-6.298802706923478,-2.798232695139906,-6.880496637351266,216.5,210.91,212.63,MIXED
Adani Total Gas Ltd.,ATGL,Oil Gas & Consumable Fuels,6066,5.092200981221455,26.04240641168713,-4.6434876045744105,-2.8767979987492147,-2.403770620581297,645.15,635.0,636.5,MIXED
Aditya Birla Capital Ltd.,ABCAPITAL,Financial Services,21614,47.345690120568634,21.088435374149643,1.2614395251051114,-0.8476628723661904,0.9493280729872927,410.35,404.8,405.55,MIXED
Aditya Birla Fashion and Retail Ltd.,ABFRL,Consumer Services,30108,-32.64382676147382,-20.98877767667576,-13.512616201859231,-3.4291010194624674,-0.7429986664126511,54.0,52.21,52.49,BEARISH
Aditya Birla Lifestyle Brands Ltd.,ABLBL,Consumer Services,756843,-35.77512776831346,-13.9867076678901,-8.408154642442176,1.8559849641724402,2.494089834515366,85.64,84.4,84.6,MIXED
Aditya Birla Real Estate Ltd.,ABREL,Realty,625,-22.55170837618558,7.930567720359893,-4.414357238558629,-5.196530983354313,-2.2710886806056236,1406.2,1380.0,1387.0,MIXED
Aditya Birla Sun Life AMC Ltd.,ABSLAMC,Financial Services,6018,25.94898814513231,20.013692377909628,3.95335046451868,5.316911985581246,0.3721729172630846,1053.5,1038.1,1047.9,BULLISH
Aditya Infotech Ltd.,CPPLUS,Capital Goods,758858,182.12025316455694,104.64849354375896,5.160719551754644,4.284252083637958,-0.2963708550019546,3662.0,3552.0,3576.6,BULLISH
Aegis Logistics Ltd.,AEGISLOG,Oil Gas & Consumable Fuels,40,88.14252770958862,86.56044847680164,-1.2648344784509717,-5.732389116660461,-1.9233752132775075,1304.7,1283.6,1289.4,MIXED
Aegis Vopak Terminals Ltd.,AEGISVOPAK,Oil Gas & Consumable Fuels,757336,8.467530370908499,24.11675056574147,-7.378687620623113,-0.573436921938591,-0.4260837347165533,272.45,262.0,269.9,MIXED
Afcons Infrastructure Ltd.,AFCONS,Construction,25977,-31.629966491144096,0.4748505100246099,5.3475935828877015,2.512111968419164,-0.34885749171463465,292.0,284.0,286.65,MIXED
Affle 3i Ltd.,AFFLE,Information Technology,11343,-16.235059760956165,17.683016644572113,0.7503152585119855,-8.16666666666666,-1.376373287248485,1659.0,1615.9,1620.2,MIXED
Ajanta Pharmaceuticals Ltd.,AJANTPHARM,Healthcare,8124,45.37859218598645,21.365995013141042,3.9449382431028592,0.6145423056509958,1.262299690750635,3596.0,3541.6,3557.0,BULLISH
Alkem Laboratories Ltd.,ALKEM,Healthcare,11703,0.4902422928254926,-4.24901185770751,-7.337216378336087,-0.38317757009345793,-0.4761904761904762,5406.5,5316.0,5355.0,MIXED
Allied Blenders and Distillers Ltd.,ABDL,Fast Moving Consumer Goods,24308,22.358527898694106,31.29511677282377,-0.17756255044391003,1.3189153764233563,1.377049180327865,613.4,605.65,610.0,MIXED
Amara Raja Energy & Mobility Ltd.,ARE&M,Automobile and Auto Components,100,-9.856096945215857,8.27218145430286,-1.9550771596463363,-3.267230169050713,-3.1149943018396966,936.5,912.4,921.35,MIXED
Amber Enterprises India Ltd.,AMBER,Consumer Durables,1185,4.8503611971104235,-3.354683239266916,2.412472280088704,3.2800216860937925,-0.7166123778501629,7794.0,7655.0,7675.0,MIXED
Ambuja Cements Ltd.,AMBUJACEM,Construction Materials,1270,-28.773082386363647,-18.257768721344885,-7.184173993521521,-1.8593272171253876,-2.6453100351899126,413.5,410.0,412.05,BEARISH
Anand Rathi Wealth Ltd.,ANANDRATHI,Financial Services,7145,57.78660653566698,40.01588057805303,6.293099291122149,1.6744314774666602,-0.4156501310201623,2242.0,2182.0,2213.4,BULLISH
Anant Raj Ltd.,ANANTRAJ,Realty,13620,16.95555340369903,18.621096051856206,-3.2986389111289065,-1.7409697364139352,-0.37119524870081666,611.9,603.2,606.15,MIXED
Angel One Ltd.,ANGELONE,Financial Services,324,29.830753914381386,26.767408978437608,-3.7086759523410007,0.31468531468530675,-2.4149659863945656,297.7,291.65,294.0,MIXED
Anthem Biosciences Ltd.,ANTHEM,Healthcare,757885,9.168143756494104,29.917078847832414,10.362086010874927,1.0980924888209578,-0.7832463059660113,932.0,896.0,900.1,BULLISH
Anupam Rasayan India Ltd.,ANURAS,Chemicals,2829,11.77199504337051,3.7037037037036957,4.553734061930784,0.5814416567104703,0.19041574103458137,1269.0,1253.0,1260.4,BULLISH
Apar Industries Ltd.,APARINDS,Capital Goods,11491,128.94464562855666,65.53207406022068,23.37608028993588,5.968272972164023,-0.5673201145874291,17900.0,17485.0,17803.0,BULLISH
Apollo Hospitals Enterprise Ltd.,APOLLOHOSP,Healthcare,157,16.931668856767413,14.207790540974138,-0.6531204644412192,2.2581015858423354,0.6788482208519545,8905.0,8818.5,8838.5,MIXED
Apollo Tyres Ltd.,APOLLOTYRE,Automobile and Auto Components,163,-5.0302899177845095,-0.3292461398728403,2.5224804390984494,-1.547605696983298,-1.025930101465617,451.0,442.1,443.5,MIXED
Aptus Value Housing Finance India Ltd.,APTUS,Financial Services,5435,-21.64672544080605,4.4315749716731725,-4.728177641653903,-2.162374680558286,-2.8498926410306398,257.2,253.55,256.15,MIXED
Asahi India Glass Ltd.,ASAHIINDIA,Automobile and Auto Components,5378,13.840727011837858,11.893988364576591,8.61331355883863,-1.0497323702125472,-0.06822714390680076,968.1,944.0,952.7,MIXED
Ashok Leyland Ltd.,ASHOKLEY,Capital Goods,212,38.32099543235154,-15.965743265872447,5.6926224575761095,1.356108257833686,-0.07396028901406602,178.18,174.81,175.77,MIXED
Asian Paints Ltd.,ASIANPAINT,Consumer Durables,236,5.360120701977289,15.018854839408782,-3.4106213373130077,0.48470160557405817,1.7211637980603403,2645.0,2583.8,2608.7,MIXED
Aster DM Quality Care Ltd.,ASTERDM,Healthcare,1508,25.779885200898438,17.28203537077257,-8.04597701149425,0.6791849780263713,1.0154997327632314,765.0,744.05,748.4,MIXED
Astral Ltd.,ASTRAL,Capital Goods,14418,11.942932784232982,-8.8393819619116,5.0807676377191875,-0.6915448851774472,-0.6591398551197487,1556.4,1529.5,1532.3,MIXED
Ather Energy Ltd.,ATHERENERG,Automobile and Auto Components,757645,281.5839164722871,143.645390070922,36.292946123938755,18.20934553712753,6.273587824042572,1630.0,1523.7,1616.3,BULLISH
Atul Ltd.,ATUL,Chemicals,263,1.8077566297682566,-2.1283111315265657,-5.113931566837379,-0.5136186770428016,-1.044972521092964,6598.0,6437.5,6459.5,MIXED
Aurobindo Pharma Ltd.,AUROPHARMA,Healthcare,275,67.03959529137074,41.85393258426966,8.657132008606503,6.778606965174129,4.35786786604267,1656.2,1620.1,1645.3,BULLISH
Authum Investment & Infrastructure Ltd.,AIIL,Financial Services,23553,-13.25126047820843,23.451083966105415,4.005191915445953,1.081275905568571,2.747755999267265,558.95,544.0,545.9,MIXED
Avenue Supermarts Ltd.,DMART,Consumer Services,19913,-17.991420640928595,2.564102564102564,-0.5355776587605203,-1.015228426395939,1.8117266224612356,3853.9,3822.0,3830.6,MIXED
Axis Bank Ltd.,AXISBANK,Financial Services,5900,24.378109452736314,-5.268527289951173,5.734038226921513,5.177993527508091,2.766798418972332,1265.4,1248.2,1265.0,MIXED
BEML Ltd.,BEML,Capital Goods,395,0.8543001510652635,17.325172706338616,10.609003656307118,1.1018276762402042,-2.458562144188633,1990.0,1909.0,1984.9,BULLISH
BLS International Services Ltd.,BLS,Consumer Services,17279,-34.39869102808835,-9.784361522595153,0.48454469507100945,-0.3933584530661209,0.640087018365896,240.45,237.2,239.03,MIXED
BSE Ltd.,BSE,Financial Services,19585,56.569029672741166,24.148887880163418,-9.988481158466344,-0.9267364989283612,-3.6123348017621146,3410.0,3303.0,3405.0,MIXED
Bajaj Auto Ltd.,BAJAJ-AUTO,Automobile and Auto Components,16669,40.531773156461796,24.07937806873977,5.290568985721106,2.7966101694915255,1.8471872376154492,11974.0,11769.0,11910.0,BULLISH
Bajaj Finance Ltd.,BAJFINANCE,Financial Services,317,20.407814546904365,8.050089445438283,-7.378198387662113,-1.8570102135561743,-2.1205667191406694,1081.5,1065.7,1079.9,MIXED
Bajaj Finserv Ltd.,BAJAJFINSV,Financial Services,16675,5.617977528089887,4.0733302435758745,-0.3991917598935444,0.9641804466203705,0.949050949050949,2014.7,1982.3,2002.0,MIXED
Bajaj Holdings & Investment Ltd.,BAJAJHLDNG,Financial Services,305,-8.817541111981205,8.87330528284245,2.653618972053249,4.712230215827338,2.6807760141093473,11429.0,11250.0,11340.0,MIXED
Bajaj Housing Finance Ltd.,BAJAJHFL,Financial Services,25270,-24.469615246314273,-1.477485928705447,-2.325040688212044,-0.03569303985722919,-1.1529411764705928,85.79,84.76,85.0,BEARISH
Balkrishna Industries Ltd.,BALKRISIND,Automobile and Auto Components,335,-0.44553158032673507,-1.0162425084686917,-7.85526581766728,-3.3582089552238923,-2.6024528866287806,2360.9,2326.5,2340.1,BEARISH
Balrampur Chini Mills Ltd.,BALRAMCHIN,Fast Moving Consumer Goods,341,29.336068631107786,51.33660665575559,18.304332992152837,-0.28756290438533433,5.902114988165225,665.8,645.65,654.85,MIXED
Bandhan Bank Ltd.,BANDHANBNK,Financial Services,2263,1.0506798516687197,-7.97028031070584,-6.104634468500543,-5.9804485336400255,-2.823179791976226,170.48,167.8,168.25,MIXED
Bank of Baroda,BANKBARODA,Financial Services,4668,2.478202980715536,-24.30203045685279,-1.6488046166529264,-1.200828157349899,-1.3642000826787977,241.9,239.5,241.9,MIXED
Bank of India,BANKINDIA,Financial Services,4745,28.379726176443913,-17.823563551944286,2.6386371873867454,-0.2887323943661948,-1.6736111111111087,144.89,142.7,144.0,MIXED
Bank of Maharashtra,MAHABANK,Financial Services,11377,57.97882579403271,14.01778271742149,3.4539266355729166,1.6976456009913137,-2.0644391408114604,84.89,82.95,83.8,BULLISH
Bata India Ltd.,BATAINDIA,Consumer Durables,371,-37.856297240688455,-11.3190383365822,-1.9751490339725633,-0.5610200364298757,0.16145603992367868,684.7,678.1,681.3,BEARISH
Bayer Cropscience Ltd.,BAYERCROP,Chemicals,17927,-24.096339481984135,-12.80604290639205,-6.222841488758728,-1.797902858838654,-1.9216044656309366,4077.3,4042.0,4048.7,BEARISH
Belrise Industries Ltd.,BELRISE,Automobile and Auto Components,757102,66.45651239432581,23.782631859350037,-1.8544333206606627,1.3699825479930257,1.0745203810849606,232.2,226.2,229.87,MIXED
Berger Paints India Ltd.,BERGEPAINT,Consumer Durables,404,-6.613508442776736,11.253911488600812,-4.361610145066778,-3.443258971871969,0.6877718215838934,501.85,493.0,494.35,MIXED
Bharat Dynamics Ltd.,BDL,Capital Goods,2144,-11.193146200459708,0.5520504731861199,1.747665788843675,-6.798245614035088,-2.3736600306278715,1348.4,1301.0,1306.0,MIXED
Bharat Electronics Ltd.,BEL,Capital Goods,383,12.195452084461293,-8.701398832470536,6.85832151605001,1.3325183374083103,0.6190823015295002,411.9,407.25,411.9,MIXED
Bharat Forge Ltd.,BHARATFORG,Automobile and Auto Components,422,90.19607843137256,12.004469749374774,-4.314028548049826,3.130818226359632,3.297835795259363,2048.1,2005.4,2037.7,MIXED
Bharat Heavy Electricals Ltd.,BHEL,Capital Goods,438,112.80226912167683,68.85370970818234,8.759213759213754,7.596013612056393,2.738772194499235,436.65,427.0,430.85,BULLISH
Bharat Petroleum Corporation Ltd.,BPCL,Oil Gas & Consumable Fuels,526,5.142764438676192,-13.540554962646745,1.3448006254886666,3.8954793202949776,1.503523884103371,319.9,316.0,319.25,MIXED
Bharti Airtel Ltd.,BHARTIARTL,Telecommunication,10604,-4.0713680643794925,-3.272474909246207,-8.118661257606487,-6.3617571059431475,-3.7452188695282613,1894.3,1867.6,1882.4,BEARISH
Bharti Hexacom Ltd.,BHARTIHEXA,Telecommunication,23489,-12.880496054114996,-3.1216699053469537,-3.8569206842923793,-3.7551376261053657,-0.29675504806140957,1576.2,1522.0,1550.1,BEARISH
Bikaji Foods International Ltd.,BIKAJI,Fast Moving Consumer Goods,11966,-20.827533847905848,-0.8635031292085766,-2.4857788513987273,3.7731155153827016,1.115061409179071,624.2,612.0,618.8,MIXED
Biocon Ltd.,BIOCON,Healthcare,11373,18.271853021386526,6.199252480989821,-3.2182287996241463,0.6350757205666886,0.2189248358063676,418.65,410.0,411.1,MIXED
Birlasoft Ltd.,BSOFT,Information Technology,6994,-20.877478945938606,-24.27197087883516,-3.687169312169305,-2.591973244147157,-3.20704553007643,303.95,289.9,300.9,BEARISH
Blue Dart Express Ltd.,BLUEDART,Services,495,-12.189032545697726,-11.07900677200903,-4.579191132298513,-2.5625803898288315,-1.3127567892574405,5032.5,4975.0,4989.5,BEARISH
Blue Jet Healthcare Ltd.,BLUEJET,Healthcare,19686,-13.341319158493677,50.46145846873782,-7.584830339321358,-1.7068614130434707,0.19042672898814555,590.25,575.0,577.65,MIXED
Blue Star Ltd.,BLUESTARCO,Consumer Durables,8311,-22.208641122389334,-23.059132720105126,-12.931239590768504,-2.6728723404255352,-1.0945945945945976,1494.0,1472.9,1480.0,BEARISH
Bombay Burmah Trading Corporation Ltd.,BBTC,Fast Moving Consumer Goods,380,-14.301191765980494,-8.593845031018121,0.38741567029591756,5.6743074110533005,-3.8574718526100273,1598.9,1552.0,1563.2,MIXED
Bosch Ltd.,BOSCHLTD,Automobile and Auto Components,2181,25.125125125125123,41.36273678258411,21.69891687963977,3.9501039501039505,2.7960526315789473,48930.0,48020.0,48640.0,BULLISH
Brainbees Solutions Ltd.,FIRSTCRY,Consumer Services,24814,-49.63832136940917,-14.960372960372961,-14.06294167530387,-5.862620632708889,-1.6551649773560457,189.5,184.97,185.48,BEARISH
Brigade Enterprises Ltd.,BRIGADE,Realty,15184,-5.269163549174529,28.863346104725423,13.038607376766628,0.26754318911481423,2.11755546905411,657.75,640.4,642.25,MIXED
Britannia Industries Ltd.,BRITANNIA,Fast Moving Consumer Goods,547,-9.85576923076923,-11.897969457962745,-3.0739407366380505,-1.1485595932969308,-1.1020062164453235,5355.0,5276.5,5308.5,BEARISH
C.E. Info Systems Ltd.,MAPMYINDIA,Information Technology,7227,-38.331406316558144,0.3366336633663344,-14.23856471882538,5.375896849329306,4.91769334299617,1011.0,961.6,965.9,MIXED
CCL Products (I) Ltd.,CCL,Fast Moving Consumer Goods,11452,23.901319563970162,6.175024582104224,-6.535099108456678,-0.18487705675725644,-3.855400231502089,1126.9,1101.7,1123.1,MIXED
CESC Ltd.,CESC,Power,628,-3.962152572442343,-4.775555410775954,-11.723138249682911,-5.867199072583251,-1.3165890216730922,152.29,147.83,148.11,BEARISH
CG Power and Industrial Solutions Ltd.,CGPOWER,Capital Goods,760,31.931441739881905,28.678794689892527,6.092193652999771,4.387464387464387,3.0371203599550056,896.45,878.2,889.0,BULLISH
CIE Automotive India Ltd.,CIEINDIA,Automobile and Auto Components,14937,1.663850253477196,-16.272347714377474,-4.295154185022029,-2.0783773632152274,0.2820874471086095,397.45,389.0,389.95,MIXED
CRISIL Ltd.,CRISIL,Financial Services,757,-3.293221018852784,11.698480355819123,10.59681636772329,7.6727256486981465,1.8826462695712884,4795.5,4690.7,4732.7,MIXED
Can Fin Homes Ltd.,CANFINHOME,Financial Services,583,10.820037622796624,-3.1775018261504777,-3.083109919571054,-1.8269349463029338,-2.477007970570208,819.25,804.4,815.5,MIXED
Canara Bank,CANBK,Financial Services,10794,22.219011846287206,-17.36129200312581,1.5362457993278937,-0.3142183817753272,-1.1297234125438167,129.06,127.25,128.35,MIXED
Caplin Point Laboratories Ltd.,CAPLIPOINT,Healthcare,3906,19.95616125035739,50.48120031083746,0.02383979656706568,0.8533311966668076,0.00794533608772735,2597.9,2510.0,2517.2,BULLISH
Capri Global Capital Ltd.,CGCL,Financial Services,20329,38.357790246007745,61.82483594144371,10.362337550563726,9.44861727552065,-0.5891929606946424,263.56,244.1,257.98,BULLISH
Carborundum Universal Ltd.,CARBORUNIV,Capital Goods,595,21.3909609477841,37.13365140343266,4.0233126527542735,-1.3901265371591638,-0.9133237822349611,1125.0,1087.0,1116.8,MIXED
Cartrade Tech Ltd.,CARTRADE,Consumer Services,5407,24.74979149291076,68.4877499295973,9.997793793204886,-4.686803033199513,-0.7662708153652196,3079.0,3001.0,3014.6,MIXED
Castrol India Ltd.,CASTROLIND,Oil Gas & Consumable Fuels,1250,-6.459463570450734,-0.7157464212678851,-0.3887479077803568,-1.2736126719109517,-0.4048801554739797,186.95,185.06,185.24,BEARISH
Ceat Ltd.,CEATLTD,Automobile and Auto Components,15254,9.178851925164421,-1.1533125216788094,-0.29738476340418885,-4.099946717518726,-2.614267407090992,3548.6,3494.5,3511.5,MIXED
Cemindia Projects Ltd.,CEMPRO,Construction,5622,73.0828978957774,115.39543057996484,-10.396256762684606,-2.8381163786269368,-3.351470704203139,1285.0,1252.9,1268.1,MIXED
Central Bank of India,CENTRALBK,Financial Services,14894,-12.45654692931635,-21.992772328342806,-2.4216984178237007,-3.1720602371034987,-1.0478061558611667,30.77,30.37,30.54,BEARISH
Central Depository Services (India) Ltd.,CDSL,Financial Services,21174,-1.5374894692502168,14.18220304485875,5.213803450862716,1.2562269872211458,-0.8623736481232802,1417.3,1397.0,1414.7,MIXED
Chalet Hotels Ltd.,CHALET,Consumer Services,8546,-10.52657626447589,15.226258763543665,11.406211486319949,3.9560692312115573,0.3051486906347093,925.1,894.75,901.2,MIXED
Chambal Fertilizers & Chemicals Ltd.,CHAMBLFERT,Chemicals,637,-24.1714497315312,-8.613187548811775,-6.687172476646154,-4.965773291565142,-2.8466374095599574,426.95,421.1,421.55,BEARISH
Chennai Petroleum Corporation Ltd.,CHENNPETRO,Oil Gas & Consumable Fuels,2049,111.86860861481253,45.824890689986134,8.472156116135189,-3.1654981941788702,1.9610767280590697,1376.0,1333.2,1341.1,MIXED
Choice International Ltd.,CHOICEIN,Financial Services,8866,-1.9221105527638134,10.074021854071209,-5.133969256941491,-2.124992164483161,-0.7248219735503474,792.9,774.3,786.4,MIXED
Cholamandalam Financial Holdings Ltd.,CHOLAHLDNG,Financial Services,21740,-13.91898939560758,-7.150446902931439,-3.1742927910311596,-4.062257814518218,-0.8873765679210005,1527.6,1491.7,1498.8,BEARISH
Cholamandalam Investment and Finance Company Ltd.,CHOLAFIN,Financial Services,685,30.738368409938765,9.021541351176852,0.40542732039569707,0.5794119239724939,-0.2952386064737774,1878.0,1845.0,1862.9,BULLISH
Cipla Ltd.,CIPLA,Healthcare,694,-11.33761167736253,4.261615862681277,-4.344284550638067,-1.9959663398011018,-1.004566210045659,1423.9,1409.1,1423.5,MIXED
City Union Bank Ltd.,CUB,Financial Services,5701,55.86915125136018,10.182202778712565,10.987893462469732,8.006597549481626,3.127249820014394,230.92,221.77,222.24,BULLISH
Clean Science and Technology Ltd.,CLEAN,Chemicals,5049,-29.940400170285226,10.85887504210172,12.097268578434722,-0.6519770600664023,-1.6259190627054843,844.4,822.6,836.45,MIXED
Coal India Ltd.,COALINDIA,Oil Gas & Consumable Fuels,20374,7.190501600853786,-5.747800586510264,-2.994084268984662,-1.2656672401081293,0.18703241895261846,406.35,397.5,401.0,MIXED
Cochin Shipyard Ltd.,COCHINSHIP,Capital Goods,21508,-6.106205695808982,4.216992200980047,6.113843991567112,-0.26420079260237783,-1.6286644951140066,1543.9,1528.0,1535.0,MIXED
Coforge Ltd.,COFORGE,Information Technology,11543,15.136577161746798,70.74911843123762,15.357350377687387,5.995728777362517,-1.4543830040702848,2016.5,1911.0,2014.6,BULLISH
Cohance Lifesciences Ltd.,COHANCE,Healthcare,17945,-48.222802634567344,50.379287598944586,7.269732972591454,1.6044568245125321,1.3447432762836211,454.75,447.25,449.9,MIXED
Colgate Palmolive (India) Ltd.,COLPAL,Fast Moving Consumer Goods,15141,-18.620807959516263,-14.325703192017706,-8.597851741245604,0.9898882384246891,3.8699436203404574,1851.9,1825.0,1826.9,MIXED
Computer Age Management Services Ltd.,CAMS,Financial Services,342,5.527366943754728,20.067557193305703,-1.7773032719964803,3.9893617021276597,2.6246719160104988,762.0,739.0,762.0,MIXED
Concord Biotech Ltd.,CONCORDBIO,Healthcare,18060,-14.00963310935364,20.418019818469464,1.7806869369369336,-6.0608029102247745,-2.3631085004388632,1519.7,1475.4,1481.1,MIXED
Container Corporation of India Ltd.,CONCOR,Services,4749,-2.929743054897136,6.868475991649264,-2.5880114176974356,-0.8714175058094501,-0.794573643410857,520.0,502.35,516.0,MIXED
Coromandel International Ltd.,COROMANDEL,Chemicals,739,-17.4613485773678,-12.565372969997252,-8.08738425925925,-1.0744316412332513,-0.40758739614359374,1943.0,1895.2,1913.7,BEARISH
Craftsman Automation Ltd.,CRAFTSMAN,Automobile and Auto Components,2854,62.00361663652802,46.051516139550046,13.419759963538766,5.661178468651224,0.7240510883252383,11199.5,10858.0,11118.0,BULLISH
CreditAccess Grameen Ltd.,CREDITACC,Financial Services,4421,-2.6001857275519744,12.60219671318853,-14.396032144650928,-5.463495805310958,-2.0262987712869185,1422.8,1367.4,1391.7,MIXED
Crompton Greaves Consumer Electricals Ltd.,CROMPTON,Consumer Durables,17094,-28.515151515151516,-6.924442690866043,-9.33897002305918,-4.105691056910567,1.2446351931330497,240.0,230.7,233.0,BEARISH
Cummins India Ltd.,CUMMINSIND,Capital Goods,1901,33.42219434425802,5.9832253778442075,-7.50135894183729,-1.6377649325626205,-1.6945888696321971,5215.0,5126.0,5193.0,MIXED
Cyient Ltd.,CYIENT,Information Technology,5748,0.5821917808219139,30.605892162312394,38.58676418544295,29.233815521698475,6.081538669917369,1114.5,1039.2,1107.45,BULLISH
DCM Shriram Ltd.,DCMSHRIRAM,Diversified,811,-18.08073483200386,0.35534498075214915,-1.6636038301576597,-5.458434071043337,-0.5477844077081003,1038.0,1015.1,1022.3,MIXED
DLF Ltd.,DLF,Realty,14732,-6.494824436776944,17.087427990511674,4.8157136356742,0.29753265602321544,1.654898499558694,682.95,672.5,679.8,MIXED
DOMS Industries Ltd.,DOMS,Fast Moving Consumer Goods,20551,-8.191799975325898,-1.1993273145689463,-1.2168141592920354,1.3989190171231405,1.5280367456455457,2214.4,2186.1,2198.9,MIXED
Dabur India Ltd.,DABUR,Fast Moving Consumer Goods,772,-26.885434657455388,-24.940898345153666,-9.597817060149481,-4.379470447985943,-1.2953367875647668,387.7,383.1,386.0,BEARISH
Dalmia Bharat Ltd.,DALBHARAT,Construction Materials,8075,-22.706641682281905,-5.271752998213828,3.13941212424293,0.17269293038316488,0.5906898607272579,1876.2,1832.3,1845.3,MIXED
Data Patterns (India) Ltd.,DATAPATTNS,Capital Goods,7358,88.17629432328948,41.107262116530904,5.617846297594021,-4.53317005194037,-2.233610102058471,4688.9,4608.5,4624.8,MIXED
Deepak Fertilisers & Petrochemicals Corp. Ltd.,DEEPAKFERT,Chemicals,827,1.3834846519671455,43.666717720937356,-9.389489953632147,-4.681254657543521,-2.0399637958643706,1464.9,1430.0,1436.3,MIXED
Deepak Nitrite Ltd.,DEEPAKNTR,Chemicals,19943,-2.153364282118687,13.163852771848115,5.246059439297319,1.1038548228630953,-0.7657836519371489,1787.9,1752.8,1762.9,MIXED
Delhivery Ltd.,DELHIVERY,Services,9599,-2.5317807926503626,6.61369478850199,-5.3428778918974995,2.5744800449690812,-2.9774564015312635,471.05,460.0,470.2,MIXED
Devyani International Ltd.,DEVYANI,Consumer Services,5373,-20.347836069337614,13.235414116687078,21.536170958136278,-6.940718884120168,-0.8360726025439386,146.79,139.16,139.94,MIXED
Divi's Laboratories Ltd.,DIVISLAB,Healthcare,10940,54.399412867976835,47.84102443975951,17.514895729890764,11.428907721280602,2.467799545405347,9270.0,9080.5,9239.0,BULLISH
Dixon Technologies (India) Ltd.,DIXON,Consumer Durables,21690,-11.024565608148592,46.29100581223525,5.701473414477898,1.9217570350034316,1.3651877133105803,14920.0,14650.0,14650.0,MIXED
Dr. Lal Path Labs Ltd.,LALPATHLAB,Healthcare,11654,16.93311976789869,37.60580411124545,1.5431450766323673,2.69667692961036,0.18124385065506707,1946.8,1916.1,1931.1,BULLISH
Dr. Reddy's Laboratories Ltd.,DRREDDY,Healthcare,881,-8.388223156892296,-10.815822002472189,0.548732688790191,-2.991596638655454,-2.003395585738532,1186.6,1172.5,1178.0,MIXED
E.I.D. Parry (India) Ltd.,EIDPARRY,Fast Moving Consumer Goods,916,-28.992716290637766,-8.167719701321083,5.177290967699497,-2.9795497299593503,-0.7326462188004442,818.2,800.0,805.3,MIXED
EIH Ltd.,EIHOTEL,Consumer Services,919,-29.24812030075188,-9.678451447768357,-13.669724770642198,-5.837224816544363,-5.204835460040296,302.15,296.35,297.8,BEARISH
Eicher Motors Ltd.,EICHERMOT,Automobile and Auto Components,910,30.321153531050303,1.6291847687196523,1.5318823003765878,-1.1619236982726482,-1.3090954212681476,8140.0,8003.0,8059.0,MIXED
Elecon Engineering Co. Ltd.,ELECON,Capital Goods,13643,-25.43001991671192,1.4408866995073948,-1.7181720558405893,-6.0882453540075225,-3.1510875955320343,428.65,420.05,425.25,MIXED
Elgi Equipments Ltd.,ELGIEQUIP,Capital Goods,937,32.95538836494649,20.62103441645837,10.12902659527781,0.8682369965431267,-0.23853065118867775,631.0,596.0,628.85,BULLISH
Emami Ltd.,EMAMILTD,Fast Moving Consumer Goods,13517,-36.541143654114364,-20.645301940265966,-8.554201733450574,-10.25641025641026,-4.059040590405898,388.55,378.3,379.4,BEARISH
Emcure Pharmaceuticals Ltd.,EMCURE,Healthcare,24398,33.14913162049661,28.367812910814365,-5.346665986429262,0.09171342252913496,-0.7542527014015264,1893.0,1850.0,1869.4,MIXED
Endurance Technologies Ltd.,ENDURANCE,Automobile and Auto Components,18822,0.08365867261571514,8.179797294751513,4.093100822970657,-3.9154005755973498,-1.9800628157858804,2985.0,2913.6,2929.2,MIXED
Engineers India Ltd.,ENGINERSIN,Construction,4907,32.03085610567712,23.25034122464348,17.757891896753307,2.76262606443511,3.212202427873248,254.59,246.76,253.72,BULLISH
Eris Lifesciences Ltd.,ERIS,Healthcare,21154,-27.94133985112765,-4.645692443399003,-4.244482173174872,-2.1424260712130256,-1.3386066321873982,1325.1,1295.0,1314.8,BEARISH
Escorts Kubota Ltd.,ESCORTS,Capital Goods,958,-16.054711586972367,-11.844351562959913,-2.948801036941024,-3.302876699060478,-0.6798209252196983,3056.2,2974.0,3015.5,BEARISH
Eternal Ltd.,ETERNAL,Consumer Services,5097,4.507087115782779,35.09284802569276,8.480740618284026,0.29038667278008423,0.030487804878055715,330.0,324.3,328.0,BULLISH
Exide Industries Ltd.,EXIDEIND,Automobile and Auto Components,676,11.10410094637224,36.38475836431226,-2.1231658514895533,-2.878888153540704,-0.9784075573549309,457.9,437.75,444.6,MIXED
FSN E-Commerce Ventures Ltd.,NYKAA,Consumer Services,6545,51.87920921138388,34.909301428020065,4.844031193761259,5.828035119588253,4.141218531208114,339.95,334.5,335.65,BULLISH
Federal Bank Ltd.,FEDERALBNK,Financial Services,1023,86.06228157112304,20.93575182234277,-0.5991361293019462,-0.2935010482180325,3.6165577342047897,345.85,342.25,344.25,MIXED
Fertilisers and Chemicals Travancore Ltd.,FACT,Chemicals,1008,-11.206616931560166,15.546957439324657,-0.6532389765922673,4.717883328020402,-1.3513513513513513,850.0,829.6,832.5,MIXED
Finolex Cables Ltd.,FINCABLES,Capital Goods,1038,52.045108198719916,31.771356120238792,26.28088294856218,-3.441467946732721,-3.9101625703058787,1308.15,1283.1,1297.9,MIXED
Firstsource Solutions Ltd.,FSL,Services,14304,-24.558404558404558,25.849531866356166,-12.352707533430422,-2.8256880733944914,-1.6709988860007425,272.85,268.0,269.3,MIXED
Five-Star Business Finance Ltd.,FIVESTAR,Financial Services,12032,-1.8346940647647008,31.204021579205477,-2.354229400492762,7.009999999999991,-0.5205912429116051,539.7,530.85,537.85,MIXED
Force Motors Ltd.,FORCEMOT,Automobile and Auto Components,11573,-10.016943061046362,-25.038494439692045,-2.1003239861467993,-0.42045454545454547,0.8981001727115717,17469.0,17280.0,17370.0,BEARISH
Fortis Healthcare Ltd.,FORTIS,Healthcare,14592,-0.50466264399342,-2.7453083109919594,-4.031746031746034,-1.209150326797388,-2.141893714594014,941.9,916.05,926.75,BEARISH
GAIL (India) Ltd.,GAIL,Oil Gas & Consumable Fuels,4717,2.5596579418732346,7.530138729024055,-2.171516754850087,2.158273381294964,3.7405026300409148,172.44,170.11,171.1,MIXED
GE Vernova T&D India Ltd.,GVT&D,Capital Goods,16783,59.94530800230282,17.834800127239948,2.8196053940277017,6.397951123770321,2.4428466076696167,4416.4,4331.0,4339.2,BULLISH
GMR Airports Ltd.,GMRAIRPORT,Services,13528,8.783548274660163,-2.9640377241164884,-11.048831464943957,-5.251973284760168,-4.760451632590791,99.35,98.11,98.31,MIXED
Gabriel India Ltd.,GABRIEL,Automobile and Auto Components,1085,24.77438389448108,50.79439987415449,-0.27049521431542956,5.81352564574288,5.140391927464185,1375.0,1316.1,1367.6,MIXED
Gallantt Ispat Ltd.,GALLANTT,Capital Goods,13337,-1.3392468910340107,-0.1759788825340959,-7.704197852261636,-2.2404136148211977,-1.8343860863545942,585.85,574.75,577.85,BEARISH
Garden Reach Shipbuilders & Engineers Ltd.,GRSE,Capital Goods,5475,9.091295658459845,8.216982325895314,-1.372443487621091,-1.1786911135934637,-1.8140763136744646,2650.0,2607.1,2612.9,MIXED
General Insurance Corporation of India,GICRE,Financial Services,277,-2.4474082221916618,-4.752315747080142,-0.5187885586090921,-0.6163328197226471,0.4104160769883919,355.9,351.9,353.3,BEARISH
Gillette India Ltd.,GILLETTE,Fast Moving Consumer Goods,1576,-27.399702823179794,-10.216832047041528,-3.869359916054565,-1.0463781813272126,0.17769272826681246,7442.5,7300.0,7316.0,BEARISH
Gland Pharma Ltd.,GLAND,Healthcare,1186,54.197168047021115,60.78671718297305,15.298254025330618,3.0054254711593473,-0.07617728531855326,2900.0,2852.1,2888.0,BULLISH
Glaxosmithkline Pharmaceuticals Ltd.,GLAXO,Healthcare,1153,9.518850987432671,20.43354655294954,14.864050613843482,4.038612409182389,-1.8123873293845023,3120.7,3052.7,3106.4,BULLISH
Glenmark Pharmaceuticals Ltd.,GLENMARK,Healthcare,7406,28.90482873330214,16.79932181038948,11.016607726397776,3.7353076504789473,-1.3916500994035785,2537.6,2431.7,2515.0,BULLISH
Global Health Ltd.,MEDANTA,Healthcare,11956,7.692867540029115,30.94690265486726,5.271770062606726,5.279260049804344,0.5094416519494634,1531.4,1462.1,1472.2,BULLISH
Go Digit General Insurance Ltd.,GODIGIT,Financial Services,23799,-28.030197120089472,-22.458201536375967,1.2190326386157946,-1.1520737327188941,-1.886792452830206,265.1,256.2,262.35,MIXED
Godawari Power & Ispat Ltd.,GPIL,Capital Goods,13409,4.858421550907992,-4.927818962153735,0.5239273927392665,-0.6523423166306612,1.5926620804669556,247.0,239.0,239.85,MIXED
Godfrey Phillips India Ltd.,GODFRYPHLP,Fast Moving Consumer Goods,1181,-42.61410109602487,3.0300063635028676,-1.3405831067779088,0.20471316353250094,-0.8899562085040089,2140.0,2105.9,2123.7,MIXED
Godrej Consumer Products Ltd.,GODREJCP,Fast Moving Consumer Goods,10099,-27.46660228553034,-23.35884353741497,-15.79783258594919,-2.9712563246851142,-1.4972677595628465,927.8,911.6,915.0,BEARISH
Godrej Industries Ltd.,GODREJIND,Diversified,10925,-7.779222890586899,17.94978426989655,-13.896478445658767,-4.221190375685943,-2.8265524625267666,1175.7,1146.1,1167.5,MIXED
Godrej Properties Ltd.,GODREJPROP,Realty,17875,3.4399548185038764,16.221517161811366,-4.32160326732202,-1.2353546742487398,-0.7096742398107468,2083.3,2024.5,2029.1,MIXED
Granules India Ltd.,GRANULES,Healthcare,11872,68.30878618588116,44.2374651810585,0.46686473049172655,-3.1334034841576006,-0.974122990497816,844.75,833.5,836.65,MIXED
Graphite India Ltd.,GRAPHITE,Capital Goods,592,37.53915426781518,-0.6856092733955362,7.030773918342471,-2.253913043478267,0.941091954022982,705.6,683.0,696.0,MIXED
Grasim Industries Ltd.,GRASIM,Construction Materials,1232,21.451217754719703,21.376876822813514,8.713880288957682,2.524330900243309,2.462006079027356,3292.5,3229.0,3290.0,BULLISH
Gravita India Ltd.,GRAVITA,Metals & Mining,20534,11.144039019571524,15.308736869075071,11.370947785201679,-0.420400486779506,-1.4021250958483902,1835.0,1809.0,1825.8,MIXED
Great Eastern Shipping Co. Ltd.,GESHIP,Services,13776,40.37849787027551,-1.8546441495778148,-3.5989336492891093,-2.340585146286575,-2.8217378321887097,1363.0,1321.2,1339.6,MIXED
Gujarat Fluorochemicals Ltd.,FLUOROCHEM,Chemicals,13750,37.47400486218916,41.50687409551374,7.481450948062649,1.5337688746592746,-1.6285211267605595,4789.0,4642.3,4771.2,BULLISH
Gujarat Mineral Development Corporation Ltd.,GMDCLTD,Metals & Mining,5204,39.4205769468862,2.103545199020747,-0.2126716880815322,-1.3663834632565592,-0.8103584955518406,574.35,565.6,567.65,MIXED
H.E.G. Ltd.,HEG,Capital Goods,1336,57.74891774891774,27.356924421144598,10.886268543172301,0.8370805949498381,-1.159557876178215,743.55,712.2,737.35,BULLISH
HBL Engineering Ltd.,HBLENGINE,Capital Goods,13966,-18.554082517655804,-1.10576199789379,-8.536245999721723,-4.855984947170351,-2.484794540869307,677.9,665.75,674.1,BEARISH
HCL Technologies Ltd.,HCLTECH,Information Technology,7229,-9.802034643937304,-4.288840262582053,-2.576286287029478,-0.7413010590015094,-0.296330066104389,1334.2,1290.0,1316.1,BEARISH
HDB Financial Services Ltd.,HDBFS,Financial Services,757772,-12.316885119506555,-2.5423123616367858,-0.5827930356232243,-0.9507911162723115,0.44159858688452197,687.0,678.0,679.35,BEARISH
HDFC Asset Management Company Ltd.,HDFCAMC,Financial Services,4244,-4.005125388980417,-1.0453619141067354,0.24084410123097053,0.1566080977845649,2.066952121448031,2589.2,2539.0,2569.0,MIXED
HDFC Bank Ltd.,HDFCBANK,Financial Services,1333,-25.493905002101723,-19.376847850807366,-5.232907839337028,-2.7434842249657065,-1.5687907816187636,720.3,707.0,720.3,BEARISH
HDFC Life Insurance Company Ltd.,HDFCLIFE,Financial Services,467,-29.62243378019558,-23.179697440972706,-0.9389243391066504,-1.7361425083642321,-0.8485401459853973,550.95,543.8,548.0,BEARISH
HFCL Ltd.,HFCL,Telecommunication,21951,254.67748825288336,269.02222222222224,28.449876237623773,4.4752956966697495,-0.9464349624209629,255.1,245.55,251.47,BULLISH
Havells India Ltd.,HAVELLS,Consumer Durables,9819,-18.451756685894075,-8.116691285081247,-1.3167288014595173,-1.9235317303902317,1.7335841033608486,1247.0,1190.1,1222.9,BEARISH
Hero MotoCorp Ltd.,HEROMOTOCO,Automobile and Auto Components,1348,7.12109597657095,-2.530626844317267,1.188265874489417,-4.133685136323659,-2.6785714285714284,5654.0,5529.0,5600.0,MIXED
Hexaware Technologies Ltd.,HEXT,Information Technology,29666,-26.78983833718245,18.891984569224167,-1.2285231015757105,-1.3777777777777778,-0.17095555155660344,565.85,552.2,555.7,MIXED
Himadri Speciality Chemical Ltd.,HSCL,Chemicals,14334,47.835837631756014,44.10318067548367,-12.182774928395382,-0.45303533675626695,-2.043242440002972,683.8,667.65,672.95,MIXED
Hindalco Industries Ltd.,HINDALCO,Metals & Mining,1363,44.2503018680304,8.026595744680856,4.207501667607368,-4.067076051015584,-2.115866589550804,1037.4,1025.95,1037.4,MIXED
Hindustan Aeronautics Ltd.,HAL,Capital Goods,2303,10.824908830725198,21.510274319263097,3.337996341332193,-2.1280065226253493,-1.2240027977206804,4890.0,4816.0,4861.1,MIXED
Hindustan Copper Ltd.,HINDCOPPER,Metals & Mining,17939,128.5123966942149,-8.793402777777775,6.865337672904801,-8.499521031089428,-1.5368756442695028,543.0,530.0,533.55,MIXED
Hindustan Petroleum Corporation Ltd.,HINDPETRO,Oil Gas & Consumable Fuels,1406,-2.7001862197392863,-13.839811542991756,-6.157793457344452,-1.6668907111170825,0.4807692307692308,370.9,363.85,364.0,BEARISH
Hindustan Unilever Ltd.,HINDUNILVR,Fast Moving Consumer Goods,1394,-24.804213471336233,-15.220201671981377,-6.372245752629328,-3.0837438423645276,-2.1388778352566655,2018.0,1997.5,2010.4,BEARISH
Hindustan Zinc Ltd.,HINDZINC,Metals & Mining,1424,42.02742993440669,-3.5942685987209475,10.432121661721068,-1.4155629139072772,-4.2684887459807,624.35,607.8,622.0,MIXED
Hitachi Energy India Ltd.,POWERINDIA,Capital Goods,18457,76.66143380429095,32.3921568627451,4.926184926184926,-0.2364066193853428,1.2901290129012901,33840.0,33235.0,33330.0,MIXED
Home First Finance Company India Ltd.,HOMEFIRST,Financial Services,2056,-4.423108485146879,6.1907366885485136,-2.043734230445749,-2.363986922625538,-2.803972294083277,1205.0,1188.3,1198.3,MIXED
Honasa Consumer Ltd.,HONASA,Fast Moving Consumer Goods,19813,64.15770609318996,64.26985482493595,6.973640306973633,-2.017114914425435,2.1778391586104324,483.8,467.2,470.65,MIXED
Honeywell Automation India Ltd.,HONAUT,Capital Goods,3417,-8.286009292720701,17.183377308707122,-6.879832263137203,-3.0294759825327513,-3.0162412993039442,36970.0,36515.0,36635.0,MIXED
Housing & Urban Development Corporation Ltd.,HUDCO,Financial Services,20825,-10.97364174287251,0.17057334653901302,-6.688877498718597,-2.922199114808292,-0.6439993450854,184.27,181.6,183.23,MIXED
Hyundai Motor India Ltd.,HYUNDAI,Automobile and Auto Components,25844,-10.380425947000491,2.653631284916201,1.114321089558407,-0.09062075215224287,-2.734891927657697,2279.0,2240.3,2267.0,MIXED
ICICI Bank Ltd.,ICICIBANK,Financial Services,4963,4.02060380598083,5.822416302765648,1.29580604709488,2.756183745583039,2.192859150969922,1439.8,1418.9,1422.8,BULLISH
ICICI Lombard General Insurance Company Ltd.,ICICIGI,Financial Services,21770,-14.823874755381594,-17.335795304668945,-3.498183161914144,-3.277777777777772,0.3137003841229251,1589.0,1550.1,1562.0,BEARISH
ICICI Prudential Life Insurance Company Ltd.,ICICIPRULI,Financial Services,18652,-13.80345086271569,-20.88593068625201,0.3201396973224636,1.134474327628353,2.183794466403153,510.4,502.45,506.0,MIXED
IDBI Bank Ltd.,IDBI,Financial Services,1476,6.081475428971627,-20.829340534889806,8.51343283582089,3.354941430683485,-1.921001510900066,93.8,91.55,92.66,MIXED
IDFC First Bank Ltd.,IDFCFIRSTB,Financial Services,11184,26.445065450801597,19.76873780997492,1.5233821445441567,0.093142391430898,3.4287776708373365,84.23,82.95,83.12,BULLISH
IFCI Ltd.,IFCI,Financial Services,1491,75.60689115113549,59.21192758253461,17.193624248758812,8.75363724539282,-0.28901734104045235,92.45,83.57,89.96,BULLISH
IIFL Finance Ltd.,IIFL,Financial Services,11809,51.251169317118794,29.47947947947948,6.259755195925412,-7.1295232624928175,-1.8960940462646947,667.35,615.0,659.25,MIXED
IRB Infrastructure Developers Ltd.,IRB,Construction,15313,-9.743589743589745,-3.054581872809211,-3.200000000000003,2.379693283976728,1.5207131620346048,19.41,19.04,19.07,MIXED
IRCON International Ltd.,IRCON,Construction,4986,-25.542664670658677,-12.363262609206375,-5.2543852686721095,-3.0300568643379284,-2.4754901960784323,123.89,122.2,122.4,BEARISH
ITC Hotels Ltd.,ITCHOTELS,Consumer Services,29251,-32.8537874339401,-7.204961743565967,-1.4042002833035667,-2.7340664681936935,-1.6223191790081648,164.95,161.95,162.73,BEARISH
ITC Ltd.,ITC,Fast Moving Consumer Goods,1660,-37.64490543014033,-18.8631311527469,-9.07473309608541,-5.26510938079347,-3.9473684210526314,269.0,264.8,266.0,BEARISH
ITI Ltd.,ITI,Telecommunication,1675,-4.645433749780042,4.011516314779266,-2.078062883989881,-2.885304659498212,-1.6515426497277719,279.55,274.6,275.5,MIXED
Indegene Ltd.,INDGN,Healthcare,23693,12.78812465425042,27.44035837066361,18.732408036494224,7.9414100414718085,5.648156144744784,587.15,565.5,578.95,BULLISH
India Cements Ltd.,INDIACEM,Construction Materials,1515,-2.8440366972477125,-6.825037707390658,-6.871859296482417,0.7885791978246028,0.24340770791074434,371.9,363.1,369.75,MIXED
Indiamart Intermesh Ltd.,INDIAMART,Consumer Services,10726,-32.411828122593555,-16.95524647554168,-2.4669407711967923,0.5383734249713683,-0.08537765382207296,1774.0,1752.5,1756.9,MIXED
Indian Bank,INDIANB,Financial Services,14309,37.6129229826979,-7.976245328418571,7.44172145845786,3.251191912229302,1.8529011786038103,883.95,872.45,882.4,MIXED
Indian Energy Exchange Ltd.,IEX,Financial Services,220,-13.805436337625185,-0.8393680052666195,-8.877797943133704,-2.040484513454195,-1.0673234811165822,122.24,121.07,121.8,BEARISH
Indian Hotels Co. Ltd.,INDHOTEL,Consumer Services,1512,-2.709473267848911,13.34869431643625,-0.08801029043395536,1.2347372753464125,4.459229898074745,716.9,703.55,706.4,MIXED
Indian Oil Corporation Ltd.,IOC,Oil Gas & Consumable Fuels,1624,1.8372127067779174,-22.321478421082023,-0.7419561960476508,0.454873646209383,1.4806710430342824,137.57,136.23,137.1,MIXED
Indian Overseas Bank,IOB,Financial Services,9348,-14.75452874770282,-7.755681818181828,-4.218289085545722,-2.139843279083788,-1.0362694300518238,33.0,32.62,32.81,BEARISH
Indian Railway Catering And Tourism Corporation Ltd.,IRCTC,Consumer Services,13611,-30.450177035913008,-15.414359785569918,-1.745610453246225,-0.3932526130601216,-0.9060022650056578,489.0,484.7,485.65,BEARISH
Indian Railway Finance Corporation Ltd.,IRFC,Financial Services,2029,-29.438658877317753,-16.10630159049728,-6.517106001121707,-3.0817536922897912,-0.6674612634088227,84.99,83.65,83.9,BEARISH
Indian Renewable Energy Development Agency Ltd.,IREDA,Financial Services,20261,-17.08185053380783,0.49167601138617545,-2.583828079270845,0.953206239168106,-0.44436848401982226,117.9,115.77,117.02,MIXED
Indraprastha Gas Ltd.,IGL,Oil Gas & Consumable Fuels,11262,-27.208087452839315,-9.77276815156783,-0.9803921568627324,1.8751692391010089,1.9510873247069949,148.66,147.21,147.61,MIXED
Indus Towers Ltd.,INDUSTOWER,Telecommunication,29135,14.82575310100413,-13.320700033441089,-0.5880848887752522,3.887775551102207,2.3157894736842133,385.7,378.75,380.0,MIXED
IndusInd Bank Ltd.,INDUSINDBK,Financial Services,5258,37.47126436781609,7.862068965517244,0.40989678502641885,-0.17674783974862082,2.273641851106642,1000.6,987.3,994.0,MIXED
Info Edge (India) Ltd.,NAUKRI,Consumer Services,13751,-3.3208158456667336,31.497245868803205,7.07441386340469,-2.6686434395848777,-3.0280649926144756,1369.4,1339.0,1354.0,MIXED
Infosys Ltd.,INFY,Information Technology,1594,-22.849755035383776,-12.033516952440076,0.327404654455362,0.33628318584070394,-0.8916083916083956,1145.0,1123.3,1144.0,MIXED
Inox Wind Ltd.,INOXWIND,Capital Goods,7852,-49.05154937735303,-21.1010202937549,-9.943690811364213,-4.5830508474576215,-1.977991363699682,72.48,71.27,71.79,BEARISH
Intellect Design Arena Ltd.,INTELLECT,Information Technology,5926,-30.316209578387227,-0.373079736649591,-5.41047367689956,-0.952727272727266,0.18390466382227452,689.6,677.0,679.7,BEARISH
InterGlobe Aviation Ltd.,INDIGO,Services,11195,-7.297201558625575,15.786213609415107,1.218333011023013,2.326490713587488,1.316298877274487,5200.5,5137.5,5166.0,MIXED
International Gemological Institute Ltd.,IGIL,Services,28378,2.495114985720731,4.682222904513356,-3.5365681143018817,0.08806693086746262,0.5900575306092344,346.8,337.45,338.95,MIXED
Inventurus Knowledge Solutions Ltd.,IKS,Information Technology,28125,14.535728437458717,28.800594132937242,-6.1982800584131175,-3.079244439476927,-1.5720771850170285,1778.0,1740.5,1762.0,MIXED
Ipca Laboratories Ltd.,IPCALAB,Healthcare,1633,42.653857266685925,30.528750826173173,12.993477514589777,2.837950426994376,1.2613444085525374,1977.3,1929.8,1950.3,BULLISH
J.K. Cement Ltd.,JKCEMENT,Construction Materials,13270,-26.106672424962213,-8.470042796005705,-5.712711241734019,-1.5818234109864826,-0.686853052142788,5244.5,5132.0,5168.5,BEARISH
JBM Auto Ltd.,JBMA,Automobile and Auto Components,11655,4.899571392553992,18.357671154940274,-5.202399939242045,-5.646685312570869,-2.719975060400582,650.7,640.1,641.55,MIXED
JK Tyre & Industries Ltd.,JKTYRE,Automobile and Auto Components,14435,18.05858522904333,-20.70120355834641,-5.228267667292052,-0.9801359121798222,-0.36817882971728527,382.55,377.6,380.25,MIXED
JM Financial Ltd.,JMFINANCIL,Financial Services,13637,-27.88483209375704,1.8785321977234735,4.7724296005239015,-1.16602316602317,-1.0054915306674894,132.5,128.6,129.29,MIXED
JSW Cement Ltd.,JSWCEMENT,Construction Materials,758460,-15.098026005524495,2.338801364300792,-5.31930879038317,-0.6073034150958357,0.6228042159054624,127.2,124.7,125.24,MIXED
JSW Dulux Ltd.,JSWDULUX,Consumer Durables,1467,-7.215739166129125,9.388502886376989,7.680005444399068,1.3320951679528614,1.7262440529767202,3139.0,3100.3,3110.8,MIXED
JSW Energy Ltd.,JSWENERGY,Power,17869,6.541099396048724,8.12383129025555,-6.175065356531146,-4.461171286946955,-2.7834858957593833,542.0,535.3,535.3,MIXED
JSW Infrastructure Ltd.,JSWINFRA,Services,19020,14.864864864864865,35.08144616607073,8.834827144686308,-0.05878894767783323,-0.8601837002478463,344.85,337.5,342.95,MIXED
JSW Steel Ltd.,JSWSTEEL,Metals & Mining,11723,27.381648158971377,3.1878797443383644,2.9685039370078776,-1.4544084400904262,-2.0376058131695287,1344.0,1320.4,1334.9,MIXED
Jaiprakash Power Ventures Ltd.,JPPOWER,Power,11763,-10.549211528004356,13.683483068417404,-10.060142154182614,-3.801169590643287,-2.1997621878715874,16.98,16.76,16.82,MIXED
Jammu & Kashmir Bank Ltd.,J&KBANK,Financial Services,5633,49.2923574605742,23.138497456849827,-5.333333333333329,1.0054031871964975,-1.5532297846810106,152.39,149.0,150.01,MIXED
Jindal Saw Ltd.,JINDALSAW,Capital Goods,3024,56.951695473668195,73.57062780269057,20.509826814555357,7.798085291557869,0.3402462734931803,311.2,305.05,308.6,BULLISH
Jindal Stainless Ltd.,JSL,Metals & Mining,11236,-7.969067435611779,-10.365736899214916,-4.443385955362,-0.03559225512528474,-0.42544139544777704,707.55,697.0,705.15,BEARISH
Jindal Steel Ltd.,JINDALSTEL,Metals & Mining,6733,26.12603087333476,-3.6274034577476058,8.209361393323658,3.8207136640557082,1.1618046132971545,1191.9,1170.0,1179.2,MIXED
Jio Financial Services Ltd.,JIOFIN,Financial Services,18143,-22.569778633301247,-3.0722891566265083,-5.891756999142162,-0.2685950413223164,1.2374161073825456,240.0,237.6,238.4,BEARISH
Jubilant Foodworks Ltd.,JUBLFOOD,Consumer Services,18096,-20.98765432098765,-1.9084346880253094,13.177410154021677,-2.342980901752309,1.13161382403915,502.7,490.05,490.45,MIXED
Jubilant Ingrevia Ltd.,JUBLINGREA,Chemicals,2783,-6.961676316515026,18.632448584988577,-8.264238140546427,-4.702061564529803,-1.2582297000731562,698.0,681.0,683.5,MIXED
Jubilant Pharmova Ltd.,JUBLPHARMA,Healthcare,3637,-13.801192454305546,3.710236961251244,-5.694273645939154,-2.3041985155644253,-0.08497139296436866,895.0,871.1,882.65,MIXED
Jupiter Wagons Ltd.,JWL,Capital Goods,20224,-24.24814989765391,-6.564381433288008,-7.195216049382708,-2.945329836594708,-1.8563851489188017,247.7,244.5,245.1,BEARISH
Jyoti CNC Automation Ltd.,JYOTICNC,Capital Goods,21334,9.191176470588234,23.888681359731045,23.038397328881477,1.4996174445294614,-4.2765056763517455,1048.0,1014.55,1039.4,BULLISH
K.P.R. Mill Ltd.,KPRMILL,Textiles,14912,19.383617193836166,35.691651783142234,12.173747380453417,5.870718331385414,4.193947973809933,1138.0,1100.6,1130.2,BULLISH
KEI Industries Ltd.,KEI,Capital Goods,13310,50.640319109851475,10.263157894736846,14.828965793158636,4.483072442664728,3.0574506283662513,5570.0,5487.4,5570.0,BULLISH
KPIT Technologies Ltd.,KPITTECH,Information Technology,9683,-50.860982780344386,-22.439509446470005,-2.2393048128342206,0.32584462356370725,-4.003938299967177,613.45,589.4,609.4,MIXED
Kajaria Ceramics Ltd.,KAJARIACER,Consumer Durables,1808,2.910052910052914,33.04831124412141,3.8804973712759745,3.2514930325149343,2.4105306458247595,1229.9,1202.0,1215.5,BULLISH
Kalpataru Projects International Ltd.,KPIL,Construction,1814,12.161729383506813,19.022939677145292,8.630583126550883,0.8639930880552956,1.0531630960109744,1404.9,1382.0,1386.3,BULLISH
Kalyan Jewellers India Ltd.,KALYANKJIL,Consumer Durables,2955,19.210552414955874,49.595519601742375,-1.8935683969964126,-1.143186117279389,-2.4033777200389665,635.5,613.0,615.8,MIXED
Karur Vysya Bank Ltd.,KARURVYSYA,Financial Services,1838,62.39196449427704,10.244211861719,1.5038691779821973,2.7946177731775976,0.4624277456647464,350.85,344.45,346.0,BULLISH
Kaynes Technology India Ltd.,KAYNES,Capital Goods,12092,-39.817083129185036,-1.3809345394208614,-3.1435630552489067,-4.041456174157592,-6.545611321041818,4053.5,3930.3,3943.1,BEARISH
Kec International Ltd.,KEC,Construction,13260,-48.4593490904591,-26.270136307311027,-11.184561253865015,-3.442679958270551,-2.184124001878819,427.0,421.0,425.8,BEARISH
Kfin Technologies Ltd.,KFINTECH,Financial Services,13359,-5.013709361535453,3.632478632478633,3.422539716387677,0.010310341272298457,2.11063740196852,964.15,942.6,949.95,MIXED
Kirloskar Oil Eng Ltd.,KIRLOSENG,Capital Goods,20936,133.66909677778395,49.370330843116335,-4.128230888665636,1.5036503408596387,-1.1162922142150544,2144.4,2090.4,2123.1,MIXED
Kotak Mahindra Bank Ltd.,KOTAKBANK,Financial Services,1922,6.973422435341522,1.5250544662309258,7.455803228285925,4.471291568065759,-1.014869011092757,426.2,421.0,423.7,BULLISH
Krishna Institute of Medical Sciences Ltd.,KIMS,Healthcare,4847,4.365243818206938,5.200863329388014,-6.114079781284956,-1.4158021791609607,-2.0103761348897535,785.6,763.3,771.0,MIXED
L&T Finance Ltd.,LTF,Financial Services,24948,47.817277583348684,16.388687454677296,3.132530120481928,1.6305208168434309,2.1317212853961145,322.4,314.3,314.3,BULLISH
L&T Technology Services Ltd.,LTTS,Information Technology,18564,-14.563750443944592,4.797862453531606,1.4906902176970243,0.6639513474306807,1.1124499117325715,3603.0,3544.6,3568.7,MIXED
LIC Housing Finance Ltd.,LICHSGFIN,Financial Services,1997,-3.0259365994236433,1.9793541055024018,2.9248709615752158,9.564509564509564,0.6355140186915845,543.0,531.75,535.0,MIXED
LT Foods Ltd.,LTFOODS,Fast Moving Consumer Goods,13816,5.9807760768956895,17.45134139926355,8.821737541123428,-2.7124183006535922,1.6387845681119808,444.95,436.0,439.35,MIXED
LTM Ltd.,LTM,Information Technology,17818,-11.561312944384923,3.0787394423758148,4.078310905297898,0.3159732196124397,-2.8877005347593583,4700.0,4500.9,4675.0,MIXED
Larsen & Toubro Ltd.,LT,Construction,11483,12.327131352402112,-0.5360611798263881,2.691106654142019,-1.102689486552565,-0.02224529141331976,4060.0,4021.3,4045.8,MIXED
Latent View Analytics Ltd.,LATENTVIEW,Information Technology,6818,-35.05837044168973,-17.429227237949497,-14.674256799493984,-3.1238779174147178,-3.5050071530758267,284.6,275.2,279.6,BEARISH
Laurus Labs Ltd.,LAURUSLABS,Healthcare,19234,123.4799859960322,79.81220657276995,5.439929523180264,6.329816768461965,-1.212277534175909,1938.5,1910.1,1938.5,BULLISH
Leela Palaces Hotels & Resorts Ltd.,THELEELA,Consumer Services,757014,42.79634497433972,28.91852186687761,15.325515568135858,3.765690376569025,2.7285006753714502,560.95,547.55,555.25,BULLISH
Lemon Tree Hotels Ltd.,LEMONTREE,Consumer Services,2606,-35.92836036905265,-6.773712380450996,-2.7904849039341237,-2.127855563743554,-2.1008016216714283,108.8,105.12,108.53,BEARISH
Life Insurance Corporation of India,LICI,Financial Services,9480,-1.8963574915508787,-0.7078721079386237,-1.5775841770661616,-0.912646675358545,-0.9478672985781991,422.0,409.5,422.0,BEARISH
Linde India Ltd.,LINDEINDIA,Chemicals,1627,0.10974367014188288,-4.186360567184335,-5.329873980726465,-2.2278364722094626,-1.8219557195571956,6549.5,6491.0,6504.0,MIXED
Lloyds Metals And Energy Ltd.,LLOYDSME,Metals & Mining,17313,39.245810055865924,48.25278810408921,-12.33023937469468,-2.0254408473003296,-0.861783228372563,1850.0,1798.4,1810.2,MIXED
Lodha Developers Ltd.,LODHA,Realty,3220,0.5283905057451945,24.0529910991513,-3.645644921419682,-4.752066115702493,-5.9183673469387825,1274.0,1248.5,1274.0,MIXED
Lupin Ltd.,LUPIN,Healthcare,10440,15.488944007599345,-5.309160140192974,-9.383022774327118,0.018281535648998672,0.7782638728989221,2179.8,2153.0,2171.5,MIXED
MMTC Ltd.,MMTC,Services,17957,2.5662115479519696,6.5083703450632076,-0.49473348228534186,-3.4979105401640584,-1.1415887109560787,63.79,63.0,63.07,MIXED
MRF Ltd.,MRF,Automobile and Auto Components,2277,-5.115107658472562,-3.65928327030434,0.7343526399035927,-0.46142968779071936,1.2605996365838885,134000.0,131910.0,132080.0,MIXED
Mahanagar Gas Ltd.,MGL,Oil Gas & Consumable Fuels,17534,-14.579006231027321,-11.430464673237804,-4.569388665774212,-5.178682273654348,-2.1325279150649785,1107.8,1089.0,1092.6,BEARISH
Mahindra & Mahindra Financial Services Ltd.,M&MFIN,Financial Services,13285,46.87930695018705,1.912568306010929,-3.3052495139338953,-1.5051491946131474,-0.9559214020180623,384.35,375.2,376.6,MIXED
Mahindra & Mahindra Ltd.,M&M,Automobile and Auto Components,2031,2.5785278949835915,-1.5685451219146502,-3.4279829336471974,-3.8692481180984712,-1.5596880623875224,3351.7,3302.0,3334.0,MIXED
Manappuram Finance Ltd.,MANAPPURAM,Financial Services,19061,30.08223369669154,20.602836879432633,-8.53838913540406,-6.8346801807971485,-2.522212668386344,351.15,346.15,348.9,MIXED
Mangalore Refinery & Petrochemicals Ltd.,MRPL,Oil Gas & Consumable Fuels,2283,39.624651696443216,-9.622831680016969,0.2530304813463616,-1.9960883571099854,1.0917937459206095,172.4,168.0,168.53,MIXED
Mankind Pharma Ltd.,MANKIND,Healthcare,15380,-2.112163146394767,7.73547094188376,-2.040816326530616,1.8825015792798407,1.523353896512641,2422.1,2370.0,2382.9,MIXED
Marico Ltd.,MARICO,Fast Moving Consumer Goods,4067,12.970999517806705,5.242892896104732,-5.817492677884337,-3.084741756293585,-1.1631410835894629,840.7,826.45,829.65,MIXED
Maruti Suzuki India Ltd.,MARUTI,Automobile and Auto Components,10999,-8.410519910756541,-5.845148735056991,-4.826471828017423,-0.5359765051395007,1.278409090909091,13525.0,13318.0,13376.0,BEARISH
Max Financial Services Ltd.,MFSL,Financial Services,2142,-1.8162526526026797,-12.934469780827987,4.943295530353563,0.21021786214804145,0.5561237535157132,1588.3,1553.6,1564.4,MIXED
Max Healthcare Institute Ltd.,MAXHEALTH,Healthcare,22377,-9.720176730486013,-3.829826504245109,-5.134274010013663,5.209490156486614,2.7610689281135867,1017.5,1001.8,1014.1,MIXED
Mazagoan Dock Shipbuilders Ltd.,MAZDOCK,Capital Goods,509,-4.72897698897468,12.227350891483383,4.1229322361239324,-2.3622047244094486,-2.935420743639922,2596.0,2543.0,2555.0,MIXED
Minda Corporation Ltd.,MINDACORP,Automobile and Auto Components,25897,42.838528615816365,31.75850591715977,1.6548969256009571,-1.0278491561914147,1.3873079112122937,707.75,691.1,702.8,MIXED
Motherson Sumi Wiring India Ltd.,MSUMI,Automobile and Auto Components,8596,-11.477382098171326,-12.923076923076927,-9.406550110810146,-2.5430463576158964,-2.517223105458407,37.98,37.53,37.74,BEARISH
Motilal Oswal Financial Services Ltd.,MOTILALOFS,Financial Services,14947,21.649364283214762,45.35191637630663,22.41328716473972,5.343434343434353,0.4430318790330479,1053.0,1027.15,1038.3,BULLISH
MphasiS Ltd.,MPHASIS,Information Technology,4503,-12.934002869440455,7.621369984482381,3.633181061349951,0.016481252575199463,-1.1242362525458212,2482.0,2425.1,2455.0,MIXED
Multi Commodity Exchange of India Ltd.,MCX,Financial Services,31181,130.04059539918808,35.93475131936671,26.29076591635095,4.039167686658507,2.0408163265306123,3339.0,3245.0,3332.0,BULLISH
Muthoot Finance Ltd.,MUTHOOTFIN,Financial Services,23650,12.900902267040703,-14.222759872116136,-4.53583792793948,-7.195387971330636,-3.652539631187321,3107.0,3062.2,3091.0,MIXED
NATCO Pharma Ltd.,NATCOPHARM,Healthcare,3918,-2.3781902552204177,-12.0,-8.233369683751363,-4.813076183473781,-1.4406184118060383,861.0,844.85,853.8,BEARISH
NBCC (India) Ltd.,NBCC,Construction,31415,-12.273559943008348,-3.536257833482539,-9.071729957805902,-2.6868367577331176,-1.4857142857142824,89.28,87.15,87.5,BEARISH
NCC Ltd.,NCC,Construction,2319,-27.447432762836183,-0.669478476266988,5.167280975333139,0.6922293858160912,-0.020215633423181358,150.79,146.53,148.4,MIXED
NHPC Ltd.,NHPC,Power,17400,-0.660365143079121,4.8947224500957045,-2.553029340784968,0.09132420091323311,2.5394279604383936,76.39,74.82,74.82,MIXED
NLC India Ltd.,NLCINDIA,Power,8585,18.76526759937818,5.921964745494153,-10.23833501174891,-2.087147564994524,-1.1825572801182724,272.05,268.4,270.6,MIXED
NMDC Ltd.,NMDC,Metals & Mining,15332,28.197674418604663,8.540487324636963,3.715898400752583,2.6775320139697287,1.6597510373443956,87.59,86.0,86.76,BULLISH
NMDC Steel Ltd.,NSLNISP,Metals & Mining,14180,22.1311475409836,15.880582037129951,7.36866573686656,15.302046929605579,-5.7731538147694925,49.4,44.78,49.02,BULLISH
NTPC Green Energy Ltd.,NTPCGREEN,Power,27176,-13.054881010199123,2.0289524677989297,-0.5775852493613196,-2.1106736657917677,-1.4424135652939751,91.45,90.75,90.82,MIXED
NTPC Ltd.,NTPC,Power,11630,-0.04579453518547828,-13.283008872996962,-5.7163426925846,-3.56406480117821,-0.8029086502045247,333.1,328.8,330.05,BEARISH
Narayana Hrudayalaya Ltd.,NH,Healthcare,11840,8.746721404949257,6.726357022943483,-6.0122215651488276,2.5486611463598288,-1.2887531701257628,1940.0,1905.9,1932.1,MIXED
National Aluminium Co. Ltd.,NATIONALUM,Metals & Mining,6364,104.90922762917604,5.139864957971607,8.984430795600625,-5.405405405405408,-3.4054943663754873,394.95,389.3,394.95,MIXED
Nava Ltd.,NAVA,Power,4014,-17.379290285049446,-1.4997832683138237,2.64703225223597,0.19400352733686468,0.5753739930955121,586.4,559.0,564.85,MIXED
Navin Fluorine International Ltd.,NAVINFLUOR,Chemicals,14672,85.07733333333334,38.38730260009571,14.641559299636603,5.9667765970440945,1.8550044027003227,8591.0,8470.5,8517.5,BULLISH
Nestle India Ltd.,NESTLEIND,Fast Moving Consumer Goods,17963,29.43262411347517,16.941470657185274,-0.8677795442501265,1.7127710188268908,2.8805169806132334,1456.5,1438.0,1454.6,MIXED
Netweb Technologies India Ltd.,NETWEB,Information Technology,17433,135.03352056531983,40.04318488529016,14.690539345711768,-4.87487395728297,-2.5230607375678535,5450.0,5290.0,5322.9,MIXED
Neuland Laboratories Ltd.,NEULANDLAB,Healthcare,2406,71.01449275362319,75.70250458155162,20.83180171191514,0.45841519318926005,-0.8403361344537815,23876.0,23100.0,23205.0,BULLISH
Newgen Software Technologies Ltd.,NEWGEN,Information Technology,1164,-40.12115036231884,8.415334153341536,-4.831743746625881,0.08516275548827508,-6.744842179509786,575.9,524.7,567.1,MIXED
Nippon Life India Asset Management Ltd.,NAM-INDIA,Financial Services,357,49.38515450780503,29.758149316508923,0.9385224728775498,-6.0506491424907844,-1.8503014065639767,1209.4,1185.0,1194.4,MIXED
Niva Bupa Health Insurance Company Ltd.,NIVABUPA,Financial Services,27097,-0.3189401373895865,10.10840108401085,-6.608435811975634,-1.514967882680887,-0.6601466992664939,83.0,81.5,81.8,MIXED
Nuvama Wealth Management Ltd.,NUVAMA,Financial Services,18721,37.34335839598997,45.346042271031905,-2.7830136378755985,0.20571428571428052,-2.847645429362886,1825.0,1782.0,1805.0,MIXED
Nuvoco Vistas Corporation Ltd.,NUVOCO,Construction Materials,5426,-30.073456857800686,0.3619197482297332,-7.471347744088205,-0.530255770430457,-1.8316145913498676,327.55,321.0,324.85,MIXED
Oberoi Realty Ltd.,OBEROIRLTY,Realty,20242,15.967221256518505,25.310256926276242,2.204957049844064,-0.10695187165775401,-0.10695187165775401,1880.8,1855.7,1870.0,MIXED
Oil & Natural Gas Corporation Ltd.,ONGC,Oil Gas & Consumable Fuels,2475,-0.8172521501005505,-17.85967399007795,-4.424194944955259,-2.0080321285140563,-0.1937567276641501,233.39,231.25,232.25,BEARISH
Oil India Ltd.,OIL,Oil Gas & Consumable Fuels,17438,23.789392774788613,-1.0039954922651437,5.353249018752716,1.2893081761006242,0.06213109661384581,484.7,471.75,482.85,MIXED
Ola Electric Mobility Ltd.,OLAELEC,Automobile and Auto Components,24777,-23.922294172062905,70.7641196013289,6.363166063114332,10.093708165997311,5.4899948691636755,39.77,37.45,38.98,MIXED
Olectra Greentech Ltd.,OLECTRA,Automobile and Auto Components,10637,-17.215665931785757,35.631573355997034,-3.5870714393596135,-1.6106658446362412,-2.7127943305646505,1335.7,1303.7,1312.3,MIXED
One 97 Communications Ltd.,PAYTM,Financial Services,6705,42.261806130903054,62.08231074192937,27.855547282204014,5.765321835540494,4.009933975407343,1698.3,1641.7,1650.9,BULLISH
Onesource Specialty Pharma Ltd.,ONESOURCE,Healthcare,29224,-19.71778881724977,16.00610920198548,-6.211026733345689,-0.8290899595247451,-0.8549797676543621,1539.5,1520.0,1532.2,MIXED
Oracle Financial Services Software Ltd.,OFSS,Information Technology,10738,51.20274914089347,83.11915887850468,12.104416234578938,8.873068241014066,2.871205906480722,12275.0,11876.0,12190.0,BULLISH
PB Fintech Ltd.,POLICYBZR,Financial Services,6656,5.884346058278747,27.646538225883305,17.07773961910709,5.042016806722689,3.5053822798785537,1844.8,1804.8,1811.5,BULLISH
PCBL Chemical Ltd.,PCBL,Chemicals,2649,-14.668281523348137,7.456363328249449,-0.2673796791443743,-1.2920298879202918,-1.567836075752875,326.8,321.15,322.1,MIXED
PG Electroplast Ltd.,PGEL,Consumer Durables,25358,8.9851810166948,-5.880447108375176,-5.274313198010927,-2.680067001675042,-0.827856959972693,598.7,584.15,585.85,MIXED
PI Industries Ltd.,PIIND,Chemicals,24184,-35.855797336797664,-23.533587145899208,-13.855772026751955,-4.242424242424243,-2.0701623899838815,2493.7,2420.1,2420.1,BEARISH
PNB Housing Finance Ltd.,PNBHOUSING,Financial Services,18908,52.42834394904459,41.23939505717449,9.077960307663103,-1.3991416309012836,-1.8121206940764207,1189.3,1158.0,1169.9,MIXED
PTC Industries Ltd.,PTCIL,Capital Goods,16682,57.83313111126972,22.794158476317396,24.677228392625587,2.039497969730528,0.018091361374943465,22215.0,20622.0,22110.0,BULLISH
PVR INOX Ltd.,PVRINOX,Media Entertainment & Publication,13147,7.839985713010085,18.821330184966556,6.819387935609424,-1.9564864426043116,-1.0811696289622446,1242.8,1215.1,1220.9,MIXED
Page Industries Ltd.,PAGEIND,Textiles,14413,-19.251155971580015,14.83560545308741,-11.3312693498452,0.6749156355455568,-0.5141030985132694,35985.0,35510.0,35985.0,MIXED
Paradeep Phosphates Ltd.,PARADEEP,Chemicals,9741,-26.391316346242295,39.7241138466911,8.62689201113146,7.12182061579651,-3.520617313720764,168.0,161.35,165.88,MIXED
Patanjali Foods Ltd.,PATANJALI,Fast Moving Consumer Goods,17029,-41.775099994936966,-31.38424821002387,-2.7072758037225104,-1.4285714285714286,-0.9900990099009868,349.8,345.35,348.45,BEARISH
Persistent Systems Ltd.,PERSISTENT,Information Technology,18365,5.447177457355575,19.709419266486936,0.8199675617228329,-1.747453459782227,-4.774468085106383,5910.0,5677.0,5875.0,MIXED
Petronet LNG Ltd.,PETRONET,Oil Gas & Consumable Fuels,11351,11.539888682745834,-2.608132188563083,7.07034728406056,1.571211353269145,2.9452054794520626,292.85,290.05,292.0,MIXED
Pfizer Ltd.,PFIZER,Healthcare,2643,-9.146625290923204,-4.623842003461272,-2.8918509919359856,-4.03769333196764,-0.4124325013818731,4778.4,4690.1,4703.8,BEARISH
Phoenix Mills Ltd.,PHOENIXLTD,Realty,14552,26.39701969132517,15.249302438432617,0.35387946970897616,-1.6563146997929608,-0.8868022952529996,1923.9,1896.0,1917.0,MIXED
Pidilite Industries Ltd.,PIDILITIND,Chemicals,2664,10.657968068714549,15.162060730126239,4.735013032145957,1.6686746987951833,3.5716477447069686,1658.5,1617.0,1629.5,BULLISH
Piramal Pharma Ltd.,PPLPHARMA,Healthcare,11571,16.877453118185787,40.3049538642759,9.60584837176013,1.5391901491830453,-1.9571977318456195,220.0,214.61,218.68,BULLISH
Poly Medicure Ltd.,POLYMED,Healthcare,25718,-15.622902081135523,33.91171993911719,3.3842538190364224,1.2894312687082583,1.5349105597230184,1741.0,1681.7,1733.0,MIXED
Polycab India Ltd.,POLYCAB,Capital Goods,9590,33.19701029473981,10.48721998011347,3.7171251304013615,4.318533244974597,3.928257042253521,9103.0,9013.5,9088.0,BULLISH
Poonawalla Fincorp Ltd.,POONAWALLA,Financial Services,11403,7.473062217587764,5.7817310981868,0.05393161471254449,-2.3784466428120417,-3.1833837803987053,486.25,475.0,479.05,MIXED
Power Finance Corporation Ltd.,PFC,Financial Services,14299,-11.43007637608638,-17.208271787296894,-20.749381406857548,-7.609890109890107,-4.460227272727269,356.0,350.2,352.0,BEARISH
Power Grid Corporation of India Ltd.,POWERGRID,Power,14977,-4.250681198910078,-11.202830188679243,-7.282321899736144,-2.8924097273397074,-0.9396729937981583,267.35,265.05,266.05,BEARISH
Premier Energies Ltd.,PREMIERENE,Capital Goods,25049,4.245045770043248,45.37420214631408,1.3793778125611338,0.6116504854368888,2.2092908570864953,1019.0,973.0,1013.9,BULLISH
Prestige Estates Projects Ltd.,PRESTIGE,Realty,20302,4.5588423613779,18.565308937776813,1.0394753124613263,-0.17117006969066845,2.8337531486146093,1628.5,1584.5,1588.0,MIXED
Prime Focus Ltd.,PFOCUS,Media Entertainment & Publication,13496,98.49385104324996,4.339930996913015,0.06617672669011797,-6.660168940870695,-2.4116847826086842,299.45,292.35,294.4,MIXED
Punjab National Bank,PNB,Financial Services,10666,13.233544805709762,-9.37723125743752,1.348593736136998,-1.406870360780248,-1.0138648180242649,115.75,114.42,115.4,MIXED
R R Kabel Ltd.,RRKABEL,Capital Goods,18566,150.82655246252676,91.17378247813032,12.509605040725368,2.0383985504721416,0.7985680848134474,2925.0,2840.0,2905.2,BULLISH
RBL Bank Ltd.,RBLBANK,Financial Services,18391,45.70005746025666,21.459364521794683,1.2916111850865573,-1.9716494845360766,-0.4319371727748632,384.7,380.1,382.0,MIXED
REC Ltd.,RECLTD,Financial Services,15355,-7.628571428571425,-4.617200177017253,-13.312776511596722,-1.402866727660862,2.051767676767677,321.95,316.0,316.8,BEARISH
RHI MAGNESITA INDIA LTD.,RHIM,Capital Goods,31163,-21.603375527426156,-10.972688068998552,-4.362372924977477,-0.800854244527496,0.6091782861784215,373.0,367.85,369.35,BEARISH
RITES Ltd.,RITES,Construction,3761,-10.457060873129736,7.120439387995297,2.031855761595588,-0.7722358499136861,0.6635944700460819,218.5,216.6,217.0,MIXED
Radico Khaitan Ltd,RADICO,Fast Moving Consumer Goods,10990,57.23049956178791,71.90494442315062,3.3219683007740466,-2.5,-2.6058631921824107,4615.0,4574.3,4605.0,MIXED
Rail Vikas Nigam Ltd.,RVNL,Construction,9552,-30.601454064771982,-29.871430956754047,-6.865353911655131,-5.277401894451957,-1.9699374474838944,217.1,214.0,214.22,BEARISH
Railtel Corporation Of India Ltd.,RAILTEL,Telecommunication,2431,-15.93540524070689,-6.012604326349867,-3.022847100175755,-2.180464456656633,-1.0756543564001435,282.6,278.1,278.9,BEARISH
Rainbow Childrens Medicare Ltd.,RAINBOW,Healthcare,9408,-5.81852073763397,17.842565597667644,-7.257112888422711,-3.1093760701321735,-1.947601885223171,1457.8,1430.6,1442.8,MIXED
Ramkrishna Forgings Ltd.,RKFORGE,Automobile and Auto Components,11411,31.250551584149694,33.728981206726026,14.197957459878682,2.0727522306108472,-1.0183028286189655,753.0,720.15,751.25,BULLISH
Redington Ltd.,REDINGTON,Services,14255,48.53643346481213,36.10424196309681,11.223379449712429,-2.0131470829909675,-2.2540983606557377,378.5,360.0,366.0,MIXED
Reliance Industries Ltd.,RELIANCE,Oil Gas & Consumable Fuels,2885,-5.90922487474212,-5.964653902798233,-2.355100168221437,-2.5041991143686024,-0.777000777000777,1291.8,1280.0,1287.0,BEARISH
Reliance Power Ltd.,RPOWER,Power,15259,-49.7040072859745,-3.8729329852045282,-5.6386159760786,-4.330879168471199,-1.6035634743875253,22.88,22.39,22.45,BEARISH
SBFC Finance Ltd.,SBFC,Financial Services,18026,-6.420454545454548,5.3742802303262875,9.314159292035384,7.1451805269434985,0.07088607594936018,101.05,98.12,98.75,MIXED
SBI Cards and Payment Services Ltd.,SBICARD,Financial Services,17971,-19.757311761045425,-13.63027461486939,-2.3328031507990574,-0.8534522528063901,0.5771780672334523,649.4,638.0,641.05,BEARISH
SBI Life Insurance Company Ltd.,SBILIFE,Financial Services,21808,-3.6001107726391584,-14.35390217498278,-7.518597236981934,-1.2089908048586646,-1.1697234682868611,1782.0,1747.8,1761.1,BEARISH
SJVN Ltd.,SJVN,Power,18883,-30.909673286354906,-7.873006833712987,-5.698047216554956,-1.6565349544073003,-0.26202219482121103,65.46,64.75,64.88,BEARISH
SRF Ltd.,SRF,Chemicals,3273,-9.730644478916936,0.9223492313756441,-2.367969494756908,-0.7904525728456328,-1.1390401173790494,2615.0,2582.0,2589.9,MIXED
Sagility Ltd.,SAGILITY,Information Technology,27052,7.248689309322999,21.138002059732216,8.410138248847923,8.83645616470044,1.5321536469572588,46.4,44.3,46.34,BULLISH
Sai Life Sciences Ltd.,SAILIFE,Healthcare,27839,76.99769613192674,46.50474230942942,10.99536156946241,1.6574970401838536,-1.7037037037037006,1506.3,1473.8,1485.0,BULLISH
Sammaan Capital Ltd.,SAMMAANCAP,Financial Services,30125,18.03000968054212,0.23979172375993033,-9.924275072338856,-2.06827309236948,0.34979423868312126,148.74,145.1,145.8,MIXED
Samvardhana Motherson International Ltd.,MOTHERSON,Automobile and Auto Components,4204,84.02156334231806,32.67003497862417,13.220563847429522,0.9940828402366905,3.0676328502415537,167.15,164.68,165.6,BULLISH
Sapphire Foods India Ltd.,SAPPHIRE,Consumer Services,6718,-28.32594404525302,19.22587864299882,26.63281292204634,-5.972723626153234,1.257019438444923,242.4,230.01,231.5,MIXED
Sarda Energy and Minerals Ltd.,SARDAEN,Metals & Mining,17758,-16.620706944096273,-8.408298145768324,-3.4262485481997764,-1.597633136094679,-1.8396458435809195,514.05,505.7,508.25,BEARISH
Saregama India Ltd,SAREGAMA,Media Entertainment & Publication,4892,-0.4976155919552217,45.95498783454987,-8.2145930955341,-5.911185177923739,-2.6176948051948123,498.95,486.0,492.8,MIXED
Schaeffler India Ltd.,SCHAEFFLER,Automobile and Auto Components,1011,3.8113461240109654,-6.756160438488506,-1.5787409295940291,-0.13928962292308997,-0.4611494024892128,4081.0,4015.0,4033.4,MIXED
Schneider Electric Infrastructure Ltd.,SCHNEIDER,Capital Goods,31234,42.24711235561778,39.6243701328447,-10.042057109127125,5.248618784530382,1.4393876362426121,1217.9,1184.4,1201.9,MIXED
Shipping Corporation of India Ltd.,SCI,Services,3048,36.92671394799055,13.058754635955513,-0.6347572482415391,0.39868261397123733,-3.160006687844838,303.7,294.2,299.05,MIXED
Shree Cement Ltd.,SHREECEM,Construction Materials,3103,-20.75149444918873,-11.196172248803828,-10.9575897140664,-3.413821815154038,-3.3333333333333335,24485.0,23900.0,24000.0,BEARISH
Shriram Finance Ltd.,SHRIRAMFIN,Financial Services,4306,91.27962085308059,5.453681710213785,6.038024266743101,-0.813226094727427,2.1161100377219615,1106.7,1083.2,1086.9,MIXED
Shyam Metalics and Energy Ltd.,SHYAMMETL,Capital Goods,4693,20.788688832431244,30.34926689712719,6.031222728594982,9.24075924075924,-0.5728314238952495,1111.0,1039.6,1099.8,BULLISH
Siemens Energy India Ltd.,ENRIN,Capital Goods,756871,-4.305312750007413,8.641975308641978,-0.037142503404737924,-7.347161258857617,-0.40091284771479674,3290.0,3227.2,3242.6,MIXED
Siemens Ltd.,SIEMENS,Capital Goods,3150,31.54029441524954,20.60090974383529,7.180851063829788,-2.0418084589207584,-1.4428955734898508,4113.0,4060.0,4089.0,MIXED
Signatureglobal (India) Ltd.,SIGNATURE,Realty,18743,-29.30860343402809,-19.860518372020408,-6.161252970930595,-3.2059341211968824,-1.1998716714789892,786.2,776.25,779.25,BEARISH
Sobha Ltd.,SOBHA,Realty,13826,-12.174825174825168,-7.627243306854944,-8.475440897828301,-2.5754402296175485,-1.125806959533928,1283.2,1265.3,1270.2,BEARISH
Solar Industries India Ltd.,SOLARINDS,Chemicals,13332,45.76295759333092,43.741511187361496,9.33608830406177,0.918444165621079,-1.4313725490196079,20672.0,20247.0,20400.0,BULLISH
Sona BLW Precision Forgings Ltd.,SONACOMS,Automobile and Auto Components,4684,83.51201895948537,57.187046882551954,5.6732518845853885,-0.05531653349723977,-0.23926380368098718,824.6,803.05,815.0,MIXED
Sonata Software Ltd.,SONATSOFTW,Information Technology,6596,-16.759298845660542,12.219020172910668,-9.427818266397885,-4.7921760391198,-4.120157583716353,305.45,289.7,304.6,MIXED
Star Health and Allied Insurance Company Ltd.,STARHEALTH,Financial Services,7083,27.056059080228255,23.076089312811614,-5.532445923460898,-0.9162303664921465,-1.0026155187445511,586.1,571.5,573.5,MIXED
State Bank of India,SBIN,Financial Services,3045,32.087227414330215,-10.916883771745532,3.17305820517811,1.9721019721019721,1.1933174224343674,1051.2,1040.5,1047.5,MIXED
Steel Authority of India Ltd.,SAIL,Metals & Mining,2963,64.33507500421372,17.760734343861344,15.36413654380879,8.544391873086553,-2.5,200.96,192.55,200.0,BULLISH
Sumitomo Chemical India Ltd.,SUMICHEM,Chemicals,17105,-8.601960611145444,30.077928607340382,1.4011365863217782,-1.1462412837902378,-0.07724244472337109,528.95,517.5,517.85,MIXED
Sun Pharmaceutical Industries Ltd.,SUNPHARMA,Healthcare,3351,24.477892756349952,13.255349500713265,-0.286360211002263,3.916230366492144,3.3749999999999973,1931.0,1903.8,1920.0,MIXED
Sun TV Network Ltd.,SUNTV,Media Entertainment & Publication,13404,-14.231830726770934,-25.481576212932616,-8.355450702840853,-0.5546666666666715,-1.7597471022128603,481.2,463.3,474.5,BEARISH
Sundaram Finance Ltd.,SUNDARMFIN,Financial Services,3339,1.0303313527827889,-14.355781927938125,-2.692043895747607,0.7746775876229082,-0.752011192724721,4646.9,4545.5,4574.4,MIXED
Supreme Industries Ltd.,SUPREMEIND,Capital Goods,3363,-20.401681875111823,-9.994436295584437,2.700986899059269,-1.16634268258817,-2.1419340647254552,3710.0,3581.1,3636.9,MIXED
Supreme Petrochem Ltd.,SPLPETRO,Chemicals,9617,-4.59333900412223,7.59297520661156,2.229544976512652,5.445472953427824,4.023685524719973,717.0,691.95,700.85,MIXED
Suzlon Energy Ltd.,SUZLON,Capital Goods,12018,-15.78947368421052,16.043956043956044,-1.0206207040199853,0.9989373007439023,1.5601624278692114,47.05,46.5,46.79,MIXED
Swan Corp Ltd.,SWANCORP,Chemicals,27095,-34.04542388126826,-20.47180043383948,-4.710851202079272,-3.1693628260151754,-1.6266979708200457,305.3,296.5,298.15,BEARISH
Swiggy Ltd.,SWIGGY,Consumer Services,27066,-31.201952410006108,-2.4567474048442985,-1.0391069297198752,-0.8267370272647397,0.4991087344028439,284.7,280.1,280.5,BEARISH
Syngene International Ltd.,SYNGENE,Healthcare,10243,-35.97220003195398,-2.7895694360218317,3.848147188390781,0.5520010036381856,-0.6569162121963257,417.9,402.7,403.4,MIXED
Syrma SGS Technology Ltd.,SYRMA,Capital Goods,10793,90.7733156322602,83.91245920522172,5.136084284460056,-1.56860058908145,-2.53001424404802,1505.0,1470.0,1474.3,MIXED
TBO Tek Ltd.,TBOTEK,Consumer Services,23740,33.48887019046891,48.44334807757741,13.969435736677108,2.4420311124156093,3.7083259047958554,1717.5,1659.2,1682.7,BULLISH
TVS Motor Company Ltd.,TVSMOTOR,Automobile and Auto Components,8479,32.49404870902766,13.85224620387612,0.6538220769284231,-0.5087658989343375,0.8619487942010216,4425.0,4161.5,4304.2,MIXED
Tata Chemicals Ltd.,TATACHEM,Chemicals,3405,-30.16183338763984,-9.493982687029353,-4.535669215351489,2.5600127601882057,-1.9443385436523064,674.8,644.5,655.75,MIXED
Tata Communications Ltd.,TATACOMM,Telecommunication,3721,11.287614619656477,11.583036581417941,-1.878843088134821,2.066923304708326,1.693515076414707,1704.0,1678.1,1694.7,MIXED
Tata Consultancy Services Ltd.,TCS,Information Technology,11536,-22.219340616591555,-8.195905873349908,1.4245857287791797,5.043562015673582,2.4466268146883086,2348.5,2263.3,2342.0,MIXED
Tata Consumer Products Ltd.,TATACONSUM,Fast Moving Consumer Goods,3432,-2.6187347475126797,-7.794169925346608,-4.2101375680915805,-2.3529411764705883,-0.3074853464014649,1047.0,1030.4,1040.7,BEARISH
Tata Elxsi Ltd.,TATAELXSI,Information Technology,3411,-31.627818112342375,-19.56937046276943,-2.567453510849742,-2.583367360827551,-2.8873812754409793,3708.0,3645.0,3685.0,BEARISH
Tata Investment Corporation Ltd.,TATAINVEST,Financial Services,1621,-5.773604284351832,0.19502301271550043,-5.48237545073221,-0.5805402894960909,0.5401174168297527,656.4,637.6,638.75,MIXED
Tata Motors Passenger Vehicles Ltd.,TMPV,Automobile and Auto Components,3456,-23.73885774957406,-16.662169454937935,-9.094922737306836,-1.7652671755725047,-3.303068252974313,319.4,313.3,319.4,BEARISH
Tata Power Co. Ltd.,TATAPOWER,Power,3426,-7.256447948683678,-5.79611782272296,-8.852114525873388,-7.095046854082998,-1.3784283075174144,352.95,349.25,351.85,BEARISH
Tata Steel Ltd.,TATASTEEL,Metals & Mining,3499,19.335836354220614,-12.634472299891,-2.8151194053455657,-1.0466988727858384,-1.1528150134048287,188.79,184.08,186.5,MIXED
Tata Technologies Ltd.,TATATECH,Information Technology,20293,26.443514644351456,43.18573397656788,11.154952183508323,4.206896551724132,-0.3955174686882086,839.7,796.7,834.35,BULLISH
Tata Teleservices (Maharashtra) Ltd.,TTML,Telecommunication,8954,-31.22994652406418,-3.2355154251316764,-3.4292866082603366,3.23789135670324,-0.6694129763130924,40.5,36.44,38.84,MIXED
Tech Mahindra Ltd.,TECHM,Information Technology,13538,9.896044282435527,21.004905604281245,-1.4110095076606284,2.7777777777777777,-0.7861539399110299,1642.0,1598.0,1640.9,MIXED
Techno Electric & Engineering Company Ltd.,TECHNOE,Construction,6445,-35.07965888808092,-14.544900800556917,0.1785167805773743,-1.6031260958869797,-4.236957581667484,1041.5,992.5,1025.5,MIXED
Tega Industries Ltd.,TEGA,Capital Goods,7105,-14.1101304889274,-9.82833105957254,6.78559407606866,-6.9236636742357565,-4.364864050159769,1687.1,1616.2,1658.7,MIXED
Tejas Networks Ltd.,TEJASNET,Telecommunication,21131,-4.078485134093043,15.483804415102128,9.113060428849902,9.905752994305908,1.7449786421884983,576.85,538.0,550.15,MIXED
The New India Assurance Company Ltd.,NIACL,Financial Services,399,1.5776054392860932,34.17765927589109,10.14284068655684,3.884180790960439,2.6242352688633606,191.91,185.5,186.34,BULLISH
The Ramco Cements Ltd.,RAMCOCEM,Construction Materials,2043,-15.977264042797096,-20.033639421765624,-4.214538524367007,-2.69388206660029,-1.7975771785853876,899.45,883.4,895.65,BEARISH
Thermax Ltd.,THERMAX,Capital Goods,3475,21.63611422870682,25.785028048230053,-9.391546679052487,-2.073189096932883,-1.080066933725468,3998.9,3934.4,3944.2,MIXED
Timken India Ltd.,TIMKEN,Capital Goods,14198,9.050619763174298,-6.625952388011029,0.13352832708081064,2.2365046904924237,-0.006349609499024473,3207.2,3142.4,3149.8,MIXED
Titagarh Rail Systems Ltd.,TITAGARH,Capital Goods,15414,-0.8964264082374291,21.85894093989722,-0.8603974793989363,-2.7749717749123564,-2.065002693481774,843.4,826.8,835.35,MIXED
Titan Company Ltd.,TITAN,Consumer Durables,3506,40.60846560846559,19.48575041566165,4.66032162783065,0.4607206142941452,-1.292269596842842,5169.9,5136.0,5169.2,BULLISH
Torrent Pharmaceuticals Ltd.,TORNTPHARM,Healthcare,3518,42.31136580706781,15.947999633800242,-1.1087686421488283,3.673385858999284,0.31683168316831684,5050.0,4967.0,5050.0,MIXED
Torrent Power Ltd.,TORNTPOWER,Power,13786,-0.9940519840299882,-21.853495401633555,-14.023915658388173,-2.503410093877882,-0.21351728668802958,1237.4,1212.6,1217.7,BEARISH
Transformers And Rectifiers (India) Ltd.,TARIL,Capital Goods,15174,-35.98531211750306,3.1558185404339327,5.834738617200679,3.8728897715988047,3.410776075135944,308.45,301.6,303.45,MIXED
Travel Food Services Ltd.,TRAVELFOOD,Consumer Services,757545,3.760479041916161,10.463238419039516,-0.2532811420677091,-0.5509641873278271,0.14641288433381086,1336.6,1290.0,1297.7,MIXED
Trent Ltd.,TRENT,Consumer Services,1964,-18.463089110480684,12.247045617536102,-4.19175621278153,-0.8640275387263308,-0.6245686680469258,2911.2,2875.8,2898.0,MIXED
Trident Ltd.,TRIDENT,Textiles,9685,-11.655096821337235,-1.063829787234049,-2.1448806151355773,-1.023331968890708,-0.5756578947368444,24.48,24.27,24.32,BEARISH
Triveni Turbine Ltd.,TRITURBINE,Capital Goods,25584,11.37545752263532,23.80085653104925,-3.91391058667111,0.23404993065187638,-0.37049801826641005,592.95,578.0,580.3,MIXED
Tube Investments of India Ltd.,TIINDIA,Automobile and Auto Components,312,-6.131820637493244,-2.0298844093600192,0.980748274609517,-3.4722222222222223,-2.112676056338028,2885.7,2831.5,2840.0,MIXED
UCO Bank,UCOBANK,Financial Services,11223,-11.737588652482266,-12.941587967820913,-4.891096675582732,-3.8624951718810348,-2.3155416012558865,25.71,25.35,25.48,BEARISH
UNO Minda Ltd.,UNOMINDA,Automobile and Auto Components,14154,-0.23455824863174357,11.890564714135381,8.089792460821686,1.9739470950211817,0.0,1283.1,1263.4,1276.0,MIXED
UPL Ltd.,UPL,Chemicals,11287,-21.446035626964722,-9.729469374648795,-6.95846433890451,-1.687357929707987,-1.532399299474606,580.05,569.55,571.0,BEARISH
UTI Asset Management Company Ltd.,UTIAMC,Financial Services,527,-32.43694218083043,-9.974146845915206,-3.6042520208171926,-1.7936713858649773,-1.9319589951560314,896.45,886.15,887.7,BEARISH
UltraTech Cement Ltd.,ULTRACEMCO,Construction Materials,11532,-9.414556962025317,-8.553629901765035,-3.8057632529614382,-0.46940194714881783,-1.1994132366899646,11746.0,11523.0,11589.0,BEARISH
Union Bank of India,UNIONBANK,Financial Services,10753,51.121615125781126,-4.79483167617221,10.155337537958413,2.739651416122005,1.4139784946236533,186.31,184.09,186.0,MIXED
United Breweries Ltd.,UBL,Fast Moving Consumer Goods,16713,-29.27409329225447,-17.699226366438143,-7.774175359458694,-2.836563451399721,-1.918896634435193,1345.2,1330.0,1334.1,BEARISH
United Spirits Ltd.,UNITDSPR,Fast Moving Consumer Goods,10447,13.653699466056446,9.029708766281288,-1.7085559733491715,-4.180064308681672,-1.3245033112582782,1540.0,1497.7,1510.0,MIXED
Usha Martin Ltd.,USHAMART,Capital Goods,8840,30.78636959370904,18.529516569663855,0.6048996874684948,1.7019975540154841,1.31993095745761,498.7,487.5,492.45,BULLISH
Vardhman Textiles Ltd.,VTL,Textiles,2073,34.80617414869799,4.4840182648401745,-2.3472174803687267,-4.586773413393379,-3.492197385069599,598.45,587.5,592.75,MIXED
Varun Beverages Ltd.,VBL,Fast Moving Consumer Goods,18921,-17.797393000102637,-10.071861666292392,-9.461903685281488,-6.4369158878504695,-3.272946859903384,420.9,412.2,414.0,BEARISH
Vedanta Ltd.,VEDL,Metals & Mining,3063,76.7246855545674,2.774391370202073,5.27909176915799,0.43321299638988764,-3.3860045146726865,289.5,282.4,287.95,BULLISH
Vijaya Diagnostic Centre Ltd.,VIJAYA,Healthcare,5585,50.66481444731099,55.08119701766929,12.942576614102943,2.4284943335132216,4.537005163511194,1479.9,1440.0,1452.5,BULLISH
Vishal Mega Mart Ltd.,VMM,Consumer Services,27969,-25.9487316779332,-5.621427962125739,3.305322128851547,-2.5198237885462547,3.401869158878505,108.5,107.0,107.0,MIXED
Vodafone Idea Ltd.,IDEA,Telecommunication,14366,120.80123266563945,39.2614188532556,10.146041506533438,1.8479033404406524,-2.3841961852861013,15.1,14.6,14.68,BULLISH
Voltas Ltd.,VOLTAS,Consumer Durables,3718,-13.071324599708872,-20.325528650523637,-10.12115283317029,-3.8325281803542603,-0.46666666666665907,1225.0,1195.0,1200.0,BEARISH
Waaree Energies Ltd.,WAAREEENER,Capital Goods,25907,-23.42739564961787,-1.4489463927666244,-2.805760764122074,-2.609540900254231,-1.3257575757575757,2650.0,2593.2,2640.0,BEARISH
Welspun Corp Ltd.,WELCORP,Capital Goods,11821,183.83190883190883,192.4234085488901,44.85641584878227,-0.7554374896231039,0.7245766281910783,2443.9,2351.0,2373.8,MIXED
Welspun Living Ltd.,WELSPUNLIV,Textiles,11253,79.48225393340653,57.76312615582536,25.824034885212267,3.03523604474085,3.019006615562323,195.35,188.99,190.46,BULLISH
Whirlpool of India Ltd.,WHIRLPOOL,Consumer Durables,18011,-38.24773181608488,-12.161644884344074,0.03113712791132146,4.434041999869972,-1.2419305256686164,835.0,806.1,813.25,MIXED
Wipro Ltd.,WIPRO,Information Technology,3787,-26.025419991179184,-7.0856624867804765,0.4628369180506367,1.7594175721140575,1.9618679193147341,181.85,178.25,180.95,MIXED
Wockhardt Ltd.,WOCKPHARMA,Healthcare,7506,31.957968476357273,43.79389312977099,-3.8781446139715263,-0.9100473435034168,-4.724090840119359,2045.0,1963.1,1977.1,MIXED
Yes Bank Ltd.,YESBANK,Financial Services,11915,19.528795811518307,13.131813676907822,0.26350461133069264,1.0176991150442338,3.3031674208144652,22.36,22.01,22.1,BULLISH
ZF Commercial Vehicle Control Systems India Ltd.,ZFCVINDIA,Automobile and Auto Components,16915,8.044742271556933,3.5003756819443907,4.826502336738484,-4.358326100901853,-1.300623052959505,2592.0,2541.2,2568.0,MIXED
Zee Entertainment Enterprises Ltd.,ZEEL,Media Entertainment & Publication,3812,-19.3553946914857,11.153343627509207,-18.30641641204714,-10.509706416754323,-7.812038222835195,106.24,100.85,101.51,MIXED
Zen Technologies Ltd.,ZENTEC,Capital Goods,7508,21.88955878322828,32.235766314850586,9.537002832163518,-6.525508327641467,-2.2526234822262516,1837.0,1805.3,1820.1,MIXED
Zensar Technolgies Ltd.,ZENSARTECH,Information Technology,1076,-40.06639760447858,-19.009500351864876,-9.371001082783732,-3.470329209477869,-2.1780705482362936,475.0,464.35,470.6,BEARISH
Zydus Lifesciences Ltd.,ZYDUSLIFE,Healthcare,7929,18.373171601855155,28.05160436652332,3.061767838125666,5.2092770429425626,-2.4937027707808603,1198.9,1170.6,1191.0,BULLISH
Zydus Wellness Ltd.,ZYDUSWELL,Fast Moving Consumer Goods,17635,31.371674840243713,39.96569468267581,-8.163795342394595,3.7761690471531897,0.7311746272908599,541.55,525.1,526.55,MIXED
eClerx Services Ltd.,ECLERX,Services,15179,-6.336910430436121,28.216104030872017,7.1200216743430005,8.45402677199913,1.0943492712861207,1998.0,1930.0,1955.5,MIXED
